name,replicate,kd,kon,koff,binding_strength,binding,expression
round1zeroshot.K5Q_N70S_K71R_N73T_S87T_N88D_R179K_K183R_E213D_S214P,1,1.42953973252244e-09,271121.019011126,0.000387578268998375,strong,true,high
round1zeroshot.K5Q_N70S_K71R_N73T_S87T_N88D_R179K_K183R_E213D_S214P,2,8.36620278282774e-10,1933657.10468369,0.00161773674502393,strong,true,high
round1zeroshot.K5Q_N70S_K71R_N73T_S87T_N88D_R179K_K183R_E213D_S214P,3,1.35529867147461e-09,513851.089156283,0.000696421698469293,strong,true,high
chrisxushaoyong.hu_nano2_4_85252b,1,6.81364650495371e-09,65030.5061179021,0.000443094880725614,strong,true,high
chrisxushaoyong.hu_nano2_4_85252b,2,3.55243521309065e-09,113392.771992576,0.000402820476136387,strong,true,high
Cetuximab_scFv,1,9.94430540245231e-09,381459.213899841,0.0037933469215994,strong,true,low
Cetuximab_scFv,1,3.33238529826027e-09,1514751.20718257,0.0050477346533372,strong,true,low
chrisxushaoyong.hu_nano2_2_7ef96e,1,2.51656771697764e-08,16633.1379748323,0.000418584180594979,strong,true,high
chrisxushaoyong.hu_nano2_2_7ef96e,2,1.07453585956752e-08,41008.1895172597,0.000440647701722365,strong,true,high
aureliabustos.bce_var433,1,6.95861810611148e-08,35000.9981253105,0.00243558579286759,medium,true,high
aureliabustos.bce_var433,2,3.35653498332694e-08,67232.5823298677,0.0022566851460961,strong,true,high
aureliabustos.bce_var464,1,4.81601426051323e-08,31554.1541707543,0.00151965256464786,strong,true,high
aureliabustos.bce_var464,2,7.06513035381173e-08,34843.0273348683,0.0024617053004227,medium,true,high
aureliabustos.bce_var464,3,4.70044147711215e-08,90372.1915635156,0.00424789197602673,strong,true,high
jvogt4.vogt_scFV_2470,1,7.49005531638492e-08,140699.507560355,0.0105384709461518,medium,true,high
jvogt4.vogt_scFV_2470,2,8.57849337372312e-08,214679.749227277,0.0184162880621874,medium,true,medium
lennart.nickel.EGFR_l179_s82283_mpnn1,1,9.15060704642848e-08,304444.766444794,0.0278585442507801,medium,true,high
lennart.nickel.EGFR_l179_s82283_mpnn1,2,6.36610934163847e-08,444275.668786198,0.028283074853225,medium,true,high
lennart.nickel.EGFR_l179_s82283_mpnn1,3,9.0978112299605e-08,515267.620163266,0.0468780754115639,medium,true,high
aureliabustos.bce_var702,1,1.09136442107867e-07,36016.2126899762,0.00393068131118421,medium,true,high
aureliabustos.bce_var702,2,1.10323962756225e-07,33483.7313403601,0.00369405792933333,medium,true,high
jvogt4.vogt_scFV_0128,1,1.75219914624681e-07,44811.4002117261,0.00785184971931108,medium,true,high
jvogt4.vogt_scFV_0128,2,1.75902544497863e-07,52390.7985281413,0.00921567476937495,medium,true,high
jvogt4.vogt_scFV_0128,3,9.59567704344603e-08,120391.393772776,0.011552369334539,medium,true,high
jvogt4.vogt_scFV_2009,1,1.35510099326804e-07,78242.3643272338,0.0106026305615474,medium,true,high
jvogt4.vogt_scFV_2009,2,1.66348682357423e-07,45537.1745707918,0.00757504898813119,medium,true,high
briannaughton.1_plus_EGFR,1,1.69011691425808e-07,27315.265537534,0.00461659923024369,medium,true,high
briannaughton.1_plus_EGFR,2,1.47817970761584e-07,38929.0983211261,0.00575442031740705,medium,true,high
briannaughton.1_plus_EGFR,3,2.48197848425803e-07,26963.9451252652,0.00669239316516225,medium,true,high
alan.blakely.12_6,1,1.92632890457131e-07,34893.1104608752,0.00672156072511835,medium,true,high
alan.blakely.12_6,2,1.7421127487487e-07,43762.81981551,0.00762397663217923,medium,true,high
alan.blakely.12_6,3,2.84614327811063e-07,29987.6240128722,0.00853490745107449,medium,true,high
chrisxushaoyong.hu_nano1_3_eef94e,1,1.3780108586372e-07,88773.3930176701,0.0122330699536417,medium,true,high
chrisxushaoyong.hu_nano1_3_eef94e,2,2.60140290343038e-07,87617.7943622244,0.0227929184646057,medium,true,high
chrisxushaoyong.hu_nano1_3_eef94e,3,3.16568964053794e-07,56369.9528195152,0.0178449775678351,medium,true,high
begonia.sp.13.EGFR_l88_s11832_mpnn1_model2,1,1.93717128402166e-07,144358.191696712,0.0279646543568163,medium,true,high
begonia.sp.13.EGFR_l88_s11832_mpnn1_model2,2,3.33506277819296e-07,64904.2869268971,0.0216459871475051,medium,true,high
kurumida.yoichi.mg_05,1,3.60141149787504e-07,26875.040457889,0.00967880797108984,medium,true,high
kurumida.yoichi.mg_05,2,1.22252076818139e-07,64090.7701258435,0.00783522975275829,medium,true,high
kurumida.yoichi.mg_05,3,3.3277550040266e-07,22352.2435605951,0.00743827903599915,medium,true,medium
alan.blakely.12_3,1,2.65155674920844e-07,34441.4003521033,0.00913233275558095,medium,true,high
alan.blakely.12_3,2,2.80685619739205e-07,34323.6058102096,0.00963414256852286,medium,true,high
youngsuko2000.queen,1,2.22005362943453e-07,31105.2504318771,0.00690553241157586,medium,true,high
youngsuko2000.queen,2,2.86704424553073e-07,35451.1605622105,0.0101640045887272,medium,true,high
youngsuko2000.queen,3,3.12101532346266e-07,31514.7754142627,0.0098358096983398,medium,true,high
briannaughton.2_plus_1,1,2.29254198715352e-07,43508.7767209462,0.00997456974424568,medium,true,high
briannaughton.2_plus_1,2,2.96880943379454e-07,44900.6260246353,0.0133301402125218,medium,true,high
briannaughton.2_plus_1,3,3.26121054087426e-07,37699.1896692468,0.0122944994731766,medium,true,high
briannaughton.1_plus_2,1,2.08008585817502e-07,49250.870235283,0.0102446038679225,medium,true,high
briannaughton.1_plus_2,2,3.80177174926179e-07,22648.7672106138,0.00861054433369182,medium,true,high
alan.blakely.16_2,1,2.8772642749833e-07,30293.0697334586,0.00871611673236584,medium,true,high
alan.blakely.16_2,2,3.56064101083889e-07,24574.7338613,0.00875018052169958,medium,true,high
stocco.filippo.1.3.3.18_4_2_iteration0_1.0407930462953479,1,2.60735169052438e-07,33471.5171817485,0.00872720169082478,medium,true,high
stocco.filippo.1.3.3.18_4_2_iteration0_1.0407930462953479,2,3.95367028737232e-07,22484.4887855902,0.00888962552383441,medium,true,high
stocco.filippo.1.3.3.18_65_0_iteration3_1.028317065130863,1,4.8080131308686e-07,35470.206098989,0.0170541216678555,medium,true,high
stocco.filippo.1.3.3.18_65_0_iteration3_1.028317065130863,2,2.11078539136508e-07,87381.5640353264,0.0184443728840399,medium,true,high
chuh.EGFR_Seg2_l58_s53469_mpnn1,1,3.68200414540052e-07,22970.1156915032,0.00845760611964444,medium,true,high
chuh.EGFR_Seg2_l58_s53469_mpnn1,2,4.17735180969538e-07,21934.6340016669,0.00916286830418689,medium,true,high
chuh.EGFR_Seg2_l58_s53469_mpnn1,3,3.9629446034907e-07,21190.9748150647,0.00839786592860682,medium,true,high
jvogt4.vogt_scFV_2143,1,5.11805360969167e-07,304253.768511135,0.155718709819071,medium,true,medium
jvogt4.vogt_scFV_2143,2,2.89489692428026e-07,49183.1184140976,0.0142380058223483,medium,true,high
julian.faust.Pimurutamab_mpnn_17_scfv,1,7.20950792441029e-07,102689.210687852,0.0740338678205511,medium,true,high
julian.faust.Pimurutamab_mpnn_17_scfv,2,3.8116136847522e-07,302461.066298058,0.115286473940642,medium,true,high
youngsuko2000.ysar,1,4.94620879867442e-07,37678.4103471412,0.0186365284779095,medium,true,medium
youngsuko2000.ysar,2,6.27383272661975e-07,35689.7362561084,0.0223911435328,medium,true,high
Human_EGF,1,7.94905837385523e-07,68673.2123820484,0.0545887373945061,medium,true,high
Human_EGF,2,7.25357123734121e-07,18198.9285365716,0.0132007224583304,medium,true,high
Human_EGF,3,7.57378723902541e-07,18930.6598890843,0.0143376790294277,medium,true,high
stocco.filippo.1.3.3.18_40_0_iteration12_1.0321554292304749,1,9.09783407194159e-07,21903.626907143,0.0199275563174902,medium,true,high
stocco.filippo.1.3.3.18_40_0_iteration12_1.0321554292304749,2,7.29745079454099e-07,,,medium,true,medium
a.tucs.Andrejs_Tucs_seq5,1,9.40741682930641e-07,115342.531613092,0.108507527303181,medium,true,high
a.tucs.Andrejs_Tucs_seq5,2,8.63588094991556e-07,113476.223119651,0.0979967153507364,medium,true,high
a.tucs.Andrejs_Tucs_seq5,3,7.04789004915153e-07,145595.724340719,0.102614265677997,medium,true,high
a.tucs.Andrejs_Tucs_seq3,1,1.06870662400711e-06,23797.4352035926,0.0254324766364594,weak,true,high
a.tucs.Andrejs_Tucs_seq3,2,1.15511253249397e-06,15813.9963106132,0.0182669453272027,weak,true,high
a.tucs.Andrejs_Tucs_seq3,3,7.20957522216512e-07,26601.1029579955,0.0191782652768228,medium,true,high
a.tucs.Andrejs_Tucs_seq8,1,1.37657584087527e-06,18048.9131738865,0.0248456978292275,weak,true,high
a.tucs.Andrejs_Tucs_seq8,2,9.73329202966952e-07,40433.197725084,0.0393548121151612,medium,true,high
a.tucs.Andrejs_Tucs_seq8,3,1.80093905502287e-06,47592.6987352689,0.0857115498862834,weak,true,high
aureliabustos.wwt_noised_I_scaffold_shorted_var8423,1,1.25263809145282e-06,12295.5913287105,0.0154019260552798,weak,true,high
aureliabustos.wwt_noised_I_scaffold_shorted_var8423,2,2.40669769538412e-06,9712.91491365797,0.0233760499381627,weak,true,high
aureliabustos.wwt_noised_I_scaffold_shorted_var8423,3,1.00745738836048e-06,11484.2117423018,0.0115698539692782,weak,true,high
aureliabustos.wwt_noised_I_scaffold_shorted_var7524,1,1.86605774015441e-06,22310.4240497782,0.0416325394842157,weak,true,high
aureliabustos.wwt_noised_I_scaffold_shorted_var7524,2,1.39811847024702e-06,16941.7687715106,0.0236865998381031,weak,true,high
aureliabustos.wwt_noised_I_scaffold_shorted_var9391,1,1.17242999311345e-06,25699.789791342,0.0301312043680803,weak,true,medium
aureliabustos.wwt_noised_I_scaffold_shorted_var9391,2,1.88942586488596e-06,9020.90758947258,0.0170443361242955,weak,true,high
aureliabustos.wwt_noised_I_scaffold_shorted_var9391,3,2.01479336684459e-06,10050.3827821959,0.0202494445638173,weak,true,high
aureliabustos.wt_noised_I_scaffold_shorted_var71,1,3.34589544137509e-06,6477.39264232044,0.0216726785139365,weak,true,high
aureliabustos.wt_noised_I_scaffold_shorted_var71,2,1.17928019920051e-06,9460.92461226083,0.011157081061368,weak,true,high
aureliabustos.wt_noised_I_scaffold_shorted_var71,3,1.58122128250891e-06,15512.6720681685,0.0245289672227695,weak,true,high
briannaughton.EGFR_plus_EGFR,1,3.895931438017e-06,5169.29091941906,0.0201392030052205,weak,true,high
briannaughton.EGFR_plus_EGFR,2,1.16339763191728e-06,12259.671115013,0.0142628723432908,weak,true,high
briannaughton.EGFR_plus_EGFR,3,1.3589629932886e-06,13596.2943852223,0.0184768609153746,weak,true,high
joaosartori2.c1,1,4.1993899725317e-06,32208.0136354315,0.135254009495795,weak,true,high
joaosartori2.c1,2,1.2157983399295e-06,15303.0990692731,0.0186054824441989,weak,true,medium
joaosartori2.c1,3,1.28718177499984e-06,28878.9708058555,0.0371724849020496,weak,true,high
julian.faust.Pimurutamab_mpnn_18_scfv,1,1.51131900109141e-06,117992.107362582,0.178323713835889,weak,true,high
julian.faust.Pimurutamab_mpnn_18_scfv,2,3.10769157620071e-06,20483.2730029877,0.0636556949644044,weak,true,high
a.tucs.Andrejs_Tucs_seq1,1,3.77254265517405e-06,35120.5965705599,0.132493948637597,weak,true,high
a.tucs.Andrejs_Tucs_seq1,2,1.46773135464337e-06,36624.0098488878,0.0537542075879801,weak,true,high
aureliabustos.wwt_noised_I_scaffold_shorted_var6640,1,2.18600328379404e-06,10692.5034674695,0.0233738476918675,weak,true,high
aureliabustos.wwt_noised_I_scaffold_shorted_var6640,2,3.61690107315808e-06,4511.57522224075,0.016317921262956,weak,true,high
kerrding.seq5,1,2.60165498864859e-06,15569.6515042167,0.0405068615074655,weak,true,high
kerrding.seq5,2,3.87270346744446e-06,12090.0758349324,0.0468212786076092,weak,true,high
deepsatflow.6aru_final_chain_A_domain_3_l142_s806907_mpnn1,1,3.5278128503097e-06,41514.1835815957,0.146454270309269,weak,true,high
deepsatflow.6aru_final_chain_A_domain_3_l142_s806907_mpnn1,2,1e-05,,,weak,true,high
a.tucs.Andrejs_Tucs_seq7,1,5.66626699899301e-06,3913.68157911789,0.0221759647763226,weak,true,high
a.tucs.Andrejs_Tucs_seq7,2,3.51787203603744e-06,16257.760955533,0.0571927226340508,weak,true,high
s1995825.cotimed_egf_netsolp_usability_5,1,8.16433586498211e-06,18106.9223362589,0.147830995434364,weak,true,high
s1995825.cotimed_egf_netsolp_usability_5,2,8.41910209197583e-06,23755.5024057278,0.2,weak,true,high
kerrding.seq6,1,1e-05,5162.47745031307,0.0516247745031307,weak,true,high
kerrding.seq6,2,7.77719616047002e-06,5600.81803610577,0.0435586605258931,weak,true,high
briannaughton.2_plus_2,1,1e-05,,,weak,true,high
briannaughton.2_plus_2,2,1e-05,,,weak,true,high
jvogt4.vogt_scFV_2279,1,1e-05,,,weak,true,medium
jvogt4.vogt_scFV_2279,2,1e-05,,,weak,true,high
gitter.yolo48,1,1e-05,,,weak,true,high
gitter.yolo48,2,1e-05,,,weak,true,high
alejandro.corrochano-navarro.eng_scfv_binder_2,1,1e-05,,,weak,true,high
alejandro.corrochano-navarro.eng_scfv_binder_2,2,1e-05,,,weak,true,high
"colby.TUPEGFR_012___anti-EGFR,_Fv-like_protein,_diffused_with_EvoDiff",1,1e-05,,,weak,true,low
"colby.TUPEGFR_012___anti-EGFR,_Fv-like_protein,_diffused_with_EvoDiff",2,1e-05,,,weak,true,medium
paulafcfranklin.synth_rosetta_1,1,1e-05,,,weak,true,high
paulafcfranklin.synth_rosetta_1,2,1e-05,,,weak,true,high
biolucasmachado.engineered_binder_1,1,1e-05,,,weak,true,high
biolucasmachado.engineered_binder_1,2,1e-05,,,weak,true,high
mosquitolkfo.nAb_design_3,1,1e-05,,,weak,true,medium
mosquitolkfo.nAb_design_3,2,1e-05,,,weak,true,medium
deepsatflow.6aru_final_chain_A_domain_3_l147_s945609_mpnn1,1,1e-05,,,weak,true,high
deepsatflow.6aru_final_chain_A_domain_3_l147_s945609_mpnn1,2,1e-05,,,weak,true,high
aswini.seed1,1,,,,none,false,high
aswini.seed1,2,,,,none,false,high
aswini.seed1,3,,,,none,false,high
minji.lee.111,1,,,,none,false,high
minji.lee.111,2,,,,none,false,high
allongoldberg.3_52_1_refined,1,,,,none,false,high
allongoldberg.3_52_1_refined,2,,,,none,false,high
allongoldberg.3_52_1_refined,3,,,,none,false,high
qxy615.s1_rfd_base_46_94,1,,,,none,false,high
qxy615.s1_rfd_base_46_94,2,,,,none,false,high
elian.elian2,1,,,,none,false,high
elian.elian2,2,,,,none,false,high
klima.jason.8HGO_design_4yyaf_0_0,1,,,,none,false,high
klima.jason.8HGO_design_4yyaf_0_0,2,,,,none,false,high
enzo.morro.design_0_n_0_mpnn_1.117_plddt_0.713_i_ptm_0.082_i_pae_27.542_rmsd_25.669,1,,,,none,false,high
enzo.morro.design_0_n_0_mpnn_1.117_plddt_0.713_i_ptm_0.082_i_pae_27.542_rmsd_25.669,2,,,,none,false,high
enzo.morro.design_0_n_0_mpnn_1.117_plddt_0.713_i_ptm_0.082_i_pae_27.542_rmsd_25.669,3,,,,none,false,high
enzo.morro.design_0_n_1_mpnn_1.085_plddt_0.817_i_ptm_0.076_i_pae_28.084_rmsd_25.372,1,,,,none,false,high
enzo.morro.design_0_n_1_mpnn_1.085_plddt_0.817_i_ptm_0.076_i_pae_28.084_rmsd_25.372,2,,,,none,false,high
enzo.morro.design_0_n_1_mpnn_1.085_plddt_0.817_i_ptm_0.076_i_pae_28.084_rmsd_25.372,3,,,,none,false,high
akash.arunabharathi.design4,1,,,,none,false,high
akash.arunabharathi.design4,2,,,,none,false,high
akash.arunabharathi.design4,3,,,,none,false,high
jack.li.EGFRbindingCandidate_7,1,,,,none,false,high
jack.li.EGFRbindingCandidate_7,2,,,,none,false,high
christoph.gruber.UpperBinder_Scaffold2_LowerBinder,1,,,,none,false,high
christoph.gruber.UpperBinder_Scaffold2_LowerBinder,2,,,,none,false,high
nitesh.mishra3.stepwise_scaffold_egfr_binder_6,1,,,,none,false,high
nitesh.mishra3.stepwise_scaffold_egfr_binder_6,2,,,,none,false,high
joaosartori2.c6,1,,,,none,false,high
joaosartori2.c6,2,,,,none,false,high
biolucasmachado.engineered_binder_8,1,,,,none,false,high
biolucasmachado.engineered_binder_8,2,,,,none,false,high
praghava531.seq2,1,,,,none,false,high
praghava531.seq2,2,,,,none,false,high
tim.silica_corpora_sampled_epitope_2_generated_variant_9_rank_6_phase_2,1,,,,none,false,high
tim.silica_corpora_sampled_epitope_2_generated_variant_9_rank_6_phase_2,2,,,,none,false,high
cameron.kroll.Gertrude_gen6,1,,,,none,false,high
cameron.kroll.Gertrude_gen6,2,,,,none,false,high
cameron.kroll.Gertrude_gen6,3,,,,none,false,high
klima.jason.8HGO_design_94eja_1_5,1,,,,none,false,high
klima.jason.8HGO_design_94eja_1_5,2,,,,none,false,high
areddy.EGFR_l169_s781475,1,,,,none,false,high
areddy.EGFR_l169_s781475,2,,,,none,false,high
markus.braun.egfr_binder_3,1,,,,none,false,high
markus.braun.egfr_binder_3,2,,,,none,false,high
markus.braun.egfr_binder_3,3,,,,none,false,high
qxy615.s1_rfd_comp_beta_782_81,1,,,,none,false,high
qxy615.s1_rfd_comp_beta_782_81,2,,,,none,false,high
kerrding.seq9,1,,,,none,false,high
kerrding.seq9,2,,,,none,false,high
bronte.EGFR_Binder_4_91,1,,,,none,false,high
bronte.EGFR_Binder_4_91,2,,,,none,false,high
merlettaia.seq0v3,1,,,,none,false,high
merlettaia.seq0v3,2,,,,none,false,high
wtj19921231.egfr_binder_design_208_dldesign_0_cycle1_run5_af2pred.pdb_A,1,,,,none,false,high
wtj19921231.egfr_binder_design_208_dldesign_0_cycle1_run5_af2pred.pdb_A,2,,,,none,false,high
alessio.daddio.AD_9,1,,,,none,false,high
alessio.daddio.AD_9,2,,,,none,false,high
markus.braun.egfr_binder_1,1,,,,none,false,high
markus.braun.egfr_binder_1,2,,,,none,false,high
aswini.seed2_1,1,,,,none,false,high
aswini.seed2_1,2,,,,none,false,high
aswini.seed2_1,3,,,,none,false,high
nicholas-schnicker.schnick_04,1,,,,none,false,high
nicholas-schnicker.schnick_04,2,,,,none,false,high
maxall4.EGFR_TRIM_l126_s498823_mpnn2_model1_unrelaxed_rank_001_alphafold2_multimer_v3_model_1_seed_000_top1_mutation_L39G_round1_Chain_A,1,,,,none,false,high
maxall4.EGFR_TRIM_l126_s498823_mpnn2_model1_unrelaxed_rank_001_alphafold2_multimer_v3_model_1_seed_000_top1_mutation_L39G_round1_Chain_A,2,,,,none,false,high
paulafcfranklin.synth_rosetta_3,1,,,,none,false,high
paulafcfranklin.synth_rosetta_3,2,,,,none,false,high
paulafcfranklin.synth_rosetta_5,1,,,,none,false,high
paulafcfranklin.synth_rosetta_5,2,,,,none,false,high
tim.silica_corpora_regions_sampled_epitope_0_generated_variant_6_rank_7_phase_2,1,,,,none,false,high
tim.silica_corpora_regions_sampled_epitope_0_generated_variant_6_rank_7_phase_2,2,,,,none,false,high
antorsae.TA_4_4,1,,,,none,false,high
antorsae.TA_4_4,2,,,,none,false,high
alex.naka.Charmeleon,1,,,,none,false,high
alex.naka.Charmeleon,2,,,,none,false,high
alex.naka.Charmeleon,3,,,,none,false,high
paulafcfranklin.synth_rosetta_2,1,,,,none,false,high
paulafcfranklin.synth_rosetta_2,2,,,,none,false,high
paulafcfranklin.synth_rosetta_2,3,,,,none,false,high
stocco.filippo.1.3.3.18_37_0_iteration3_1.024851931427025,1,,,,none,false,high
stocco.filippo.1.3.3.18_37_0_iteration3_1.024851931427025,2,,,,none,false,high
s1995825.cotimed_egf_netsolp_usability_2,1,,,,none,false,high
s1995825.cotimed_egf_netsolp_usability_2,2,,,,none,false,high
biolucasmachado.engineered_binder_5,1,,,,none,false,high
biolucasmachado.engineered_binder_5,2,,,,none,false,high
begonia.sp.13.EGFR_l110_s478327_mpnn7_model2,1,,,,none,false,high
begonia.sp.13.EGFR_l110_s478327_mpnn7_model2,2,,,,none,false,high
elian.elian1,1,,,,none,false,high
elian.elian1,2,,,,none,false,high
elian.elian5,1,,,,none,false,high
elian.elian5,2,,,,none,false,high
elian.elian5,3,,,,none,false,high
klima.jason.8HGO_design_8gswy_1_2,1,,,,none,false,high
klima.jason.8HGO_design_8gswy_1_2,2,,,,none,false,high
klima.jason.8HGO_design_8gswy_1_2,3,,,,none,false,high
julie.jg26n,1,,,,none,false,high
julie.jg26n,2,,,,none,false,high
qilin_y.test5,1,,,,none,false,high
qilin_y.test5,2,,,,none,false,high
julie.ryfqy,1,,,,none,false,high
julie.ryfqy,2,,,,none,false,high
huiyu.cai.H3_15_3351_H,1,,,,none,false,high
huiyu.cai.H3_15_3351_H,2,,,,none,false,high
huiyu.cai.H3_15_3351_H,3,,,,none,false,high
begonia.sp.13.EGFR_l61_s456546_mpnn1_model1,1,,,,none,false,high
begonia.sp.13.EGFR_l61_s456546_mpnn1_model1,2,,,,none,false,high
elian.elian3,1,,,,none,false,high
elian.elian3,2,,,,none,false,high
elian.elian3,3,,,,none,false,high
lyu.2,1,,,,none,false,high
lyu.2,2,,,,none,false,high
alessio.daddio.AD_1,1,,,,none,false,high
alessio.daddio.AD_1,2,,,,none,false,high
dre.LGDL_EGFR_008,1,,,,none,false,high
dre.LGDL_EGFR_008,2,,,,none,false,high
noah.holzleitner.Noah_EGFR-Binder_8,1,,,,none,false,high
noah.holzleitner.Noah_EGFR-Binder_8,2,,,,none,false,high
salireza111.Seq166_3_002_4,1,,,,none,false,high
salireza111.Seq166_3_002_4,2,,,,none,false,high
pastei5.egfr_binder_01,1,,,,none,false,high
pastei5.egfr_binder_01,2,,,,none,false,high
pastei5.egfr_binder_01,3,,,,none,false,high
zhoup1366.DBZ7___A,1,,,,none,false,high
zhoup1366.DBZ7___A,2,,,,none,false,high
cameron.kroll.Gertrude_gen3,1,,,,none,false,high
cameron.kroll.Gertrude_gen3,2,,,,none,false,high
cameron.kroll.Gertrude_gen3,3,,,,none,false,high
elian.elian4,1,,,,none,false,high
elian.elian4,2,,,,none,false,high
cbrown.cbrown_0005_2_EGFR_l81_s801188_mpnn1_model1,1,,,,none,false,high
cbrown.cbrown_0005_2_EGFR_l81_s801188_mpnn1_model1,2,,,,none,false,high
cbrown.cbrown_0005_2_EGFR_l81_s801188_mpnn1_model1,3,,,,none,false,high
merlettaia.seq6v4,1,,,,none,false,high
merlettaia.seq6v4,2,,,,none,false,high
martin.EGFR_l142_s75963_mpnn1,1,,,,none,false,medium
martin.EGFR_l142_s75963_mpnn1,2,,,,none,false,medium
enzo.morro.design_0_n_2_mpnn_1.120_plddt_0.858_i_ptm_0.072_i_pae_28.117_rmsd_30.276,1,,,,none,false,high
enzo.morro.design_0_n_2_mpnn_1.120_plddt_0.858_i_ptm_0.072_i_pae_28.117_rmsd_30.276,2,,,,none,false,high
alex.naka.Venusaur,1,,,,none,false,medium
alex.naka.Venusaur,2,,,,none,false,high
alex.naka.Venusaur,3,,,,none,false,high
x.rustamov.traj_9_8_model_1_0,1,,,,none,false,high
x.rustamov.traj_9_8_model_1_0,2,,,,none,false,medium
keaun.GWFGVVFKADIAGVSEKVAIELSGGYEGSLTTPSGWNQ,1,,,,none,false,high
keaun.GWFGVVFKADIAGVSEKVAIELSGGYEGSLTTPSGWNQ,2,,,,none,false,medium
keaun.GWFGVVFKADIARDSEFVAILESQGYLSSITTFSGWNQ,1,,,,none,false,medium
keaun.GWFGVVFKADIARDSEFVAILESQGYLSSITTFSGWNQ,2,,,,none,false,high
keaun.GWFGVVFKADIARDSEFVAILESQGYLSSITTFSGWNQ,3,,,,none,false,high
zulfatmi.pocket1pep78,1,,,,none,false,medium
zulfatmi.pocket1pep78,2,,,,none,false,medium
julian.faust.BecotatugxPimurutamab_scfv,1,,,,none,false,medium
julian.faust.BecotatugxPimurutamab_scfv,2,,,,none,false,high
paulafcfranklin.synth_rosetta_9,1,,,,none,false,medium
paulafcfranklin.synth_rosetta_9,2,,,,none,false,high
tiejun.wei.egfr_binder_design_208_dldesign_10_af2pred.pdb_A,1,,,,none,false,high
tiejun.wei.egfr_binder_design_208_dldesign_10_af2pred.pdb_A,2,,,,none,false,medium
tiejun.wei.egfr_binder_design_208_dldesign_10_af2pred.pdb_A,3,,,,none,false,high
salireza111.Seq166_7_003_9,1,,,,none,false,high
salireza111.Seq166_7_003_9,2,,,,none,false,medium
salireza111.Seq166_7_003_9,3,,,,none,false,high
qilin_y.test4,1,,,,none,false,high
qilin_y.test4,2,,,,none,false,medium
joaosartori2.c3,1,,,,none,false,medium
joaosartori2.c3,2,,,,none,false,high
AmirM.MHosseini.seq4,1,,,,none,false,medium
AmirM.MHosseini.seq4,2,,,,none,false,high
AmirM.MHosseini.seq4,3,,,,none,false,high
aswini.seed1_1,1,,,,none,false,medium
aswini.seed1_1,2,,,,none,false,medium
aswini.seed1_1,3,,,,none,false,high
biolucasmachado.engineered_binder_2,1,,,,none,false,medium
biolucasmachado.engineered_binder_2,2,,,,none,false,medium
biolucasmachado.engineered_binder_2,3,,,,none,false,high
alessio.daddio.AD_4,1,,,,none,false,medium
alessio.daddio.AD_4,2,,,,none,false,medium
alessio.daddio.AD_4,3,,,,none,false,high
biolucasmachado.engineered_binder_6,1,,,,none,false,high
biolucasmachado.engineered_binder_6,2,,,,none,false,medium
biolucasmachado.engineered_binder_6,3,,,,none,false,high
joaosartori2.c4,1,,,,none,false,medium
joaosartori2.c4,2,,,,none,false,high
AmirM.MHosseini.seq1,1,,,,none,false,medium
AmirM.MHosseini.seq1,2,,,,none,false,high
AmirM.MHosseini.seq1,3,,,,none,false,high
biolucasmachado.engineered_binder_9,1,,,,none,false,medium
biolucasmachado.engineered_binder_9,2,,,,none,false,medium
biolucasmachado.engineered_binder_9,3,,,,none,false,high
antorsae.TA525_0_0,1,,,,none,false,medium
antorsae.TA525_0_0,2,,,,none,false,high
antorsae.TA525_0_0,3,,,,none,false,high
alecl.relaxedA,1,,,,none,false,high
alecl.relaxedA,2,,,,none,false,medium
alecl.relaxedA,3,,,,none,false,medium
z_peplib.pepseq_design_8,1,,,,none,false,medium
z_peplib.pepseq_design_8,2,,,,none,false,high
revoli.mutated_nAb_5,1,,,,none,false,high
revoli.mutated_nAb_5,2,,,,none,false,low
duynth29.Duy_L111_mpnn14,1,,,,none,false,medium
duynth29.Duy_L111_mpnn14,2,,,,none,false,high
jakublala.epitope_1_30aa.pdb,1,,,,none,false,medium
jakublala.epitope_1_30aa.pdb,2,,,,none,false,high
jakublala.epitope_1_30aa.pdb,3,,,,none,false,high
hughy.7om4_B_A_180_rnd1_v1_full,1,,,,none,false,medium
hughy.7om4_B_A_180_rnd1_v1_full,2,,,,none,false,high
hughy.7om4_B_A_180_rnd1_v1_full,3,,,,none,false,high
alex.naka.Blastoise,1,,,,none,false,high
alex.naka.Blastoise,2,,,,none,false,low
alex.naka.Blastoise,3,,,,none,false,high
alex.naka.Wartortle,1,,,,none,false,medium
alex.naka.Wartortle,2,,,,none,false,high
alex.naka.Wartortle,3,,,,none,false,high
zhoup1366.DBZ6___A,1,,,,none,false,medium
zhoup1366.DBZ6___A,2,,,,none,false,high
qilin_y.test8,1,,,,none,false,medium
qilin_y.test8,2,,,,none,false,high
binom16.pocket2pep86,1,,,,none,false,medium
binom16.pocket2pep86,2,,,,none,false,high
binom16.pocket2pep86,3,,,,none,false,high
biolucasmachado.engineered_binder_3,1,,,,none,false,high
biolucasmachado.engineered_binder_3,2,,,,none,false,medium
biolucasmachado.engineered_binder_3,3,,,,none,false,high
tadaskluonis.cotimed_egf_BCseq_1,1,,,,none,false,low
tadaskluonis.cotimed_egf_BCseq_1,2,,,,none,false,high
tadaskluonis.cotimed_egf_BCseq_1,3,,,,none,false,high
binom16.pocket1pep15,1,,,,none,false,medium
binom16.pocket1pep15,2,,,,none,false,high
binom16.pocket1pep15,3,,,,none,false,high
chenceshi1105.steven_binder_design_l89_s48081_it100_mpnn4,1,,,,none,false,medium
chenceshi1105.steven_binder_design_l89_s48081_it100_mpnn4,2,,,,none,false,medium
tadaskluonis.cotimed_egf_BCseq_0,1,,,,none,false,medium
tadaskluonis.cotimed_egf_BCseq_0,2,,,,none,false,high
alex.naka.Charmander,1,,,,none,false,low
alex.naka.Charmander,2,,,,none,false,high
alex.naka.Charmander,3,,,,none,false,high
alex.naka.Ivysaur,1,,,,none,false,high
alex.naka.Ivysaur,2,,,,none,false,medium
alex.naka.Ivysaur,3,,,,none,false,high
a.tucs.Andrejs_Tucs_seq4,1,,,,none,false,medium
a.tucs.Andrejs_Tucs_seq4,2,,,,none,false,high
a.tucs.Andrejs_Tucs_seq4,3,,,,none,false,high
keaun.GIFGVVFKADIARVSIDVAIDYSTGYLGSLTTFSGCNQ,1,,,,none,false,high
keaun.GIFGVVFKADIARVSIDVAIDYSTGYLGSLTTFSGCNQ,2,,,,none,false,medium
z_peplib.pepseq_design_9,1,,,,none,false,high
z_peplib.pepseq_design_9,2,,,,none,false,medium
revoli.mutated_nAb_9,1,,,,none,false,medium
revoli.mutated_nAb_9,2,,,,none,false,high
cchallacombe.4,1,,,,none,false,high
cchallacombe.4,2,,,,none,false,medium
eceiiitn786.8s2,1,,,,none,false,medium
eceiiitn786.8s2,2,,,,none,false,high
eceiiitn786.8s2,3,,,,none,false,high
AmirM.MHosseini.seq9,1,,,,none,false,high
AmirM.MHosseini.seq9,2,,,,none,false,medium
amirmhosseini47.mohammad_seq2,1,,,,none,false,medium
amirmhosseini47.mohammad_seq2,2,,,,none,false,medium
"colby.TUPEGFR_001___anti-EGFR,_Fv-like_protein,_diffused_with_EvoDiff",1,,,,none,false,medium
"colby.TUPEGFR_001___anti-EGFR,_Fv-like_protein,_diffused_with_EvoDiff",2,,,,none,false,medium
toluwase.fatoki.Toluwase_Sequence6_112,1,,,,none,false,high
toluwase.fatoki.Toluwase_Sequence6_112,2,,,,none,false,medium
"colby.TUPEGFR_010___anti-EGFR,_Fv-like_protein,_diffused_with_EvoDiff",1,,,,none,false,medium
"colby.TUPEGFR_010___anti-EGFR,_Fv-like_protein,_diffused_with_EvoDiff",2,,,,none,false,medium
x.rustamov.traj_4_8_model_1_5,1,,,,none,false,high
x.rustamov.traj_4_8_model_1_5,2,,,,none,false,medium
hughy.7om4_B_A_33_rnd2_v2_full,1,,,,none,false,high
hughy.7om4_B_A_33_rnd2_v2_full,2,,,,none,false,medium
karmanyaaggarwal.DS003076,1,,,,none,false,high
karmanyaaggarwal.DS003076,2,,,,none,false,medium
karmanyaaggarwal.DS004729,1,,,,none,false,high
karmanyaaggarwal.DS004729,2,,,,none,false,medium
tarkhov.andrey.Erithacus_rubecula_gigantus_4,1,,,,none,false,high
tarkhov.andrey.Erithacus_rubecula_gigantus_4,2,,,,none,false,high
tarkhov.andrey.Erithacus_rubecula_gigantus_4,3,,,,none,false,medium
hughy.7om4_B_A_17_rnd2_v2_full,1,,,,none,false,high
hughy.7om4_B_A_17_rnd2_v2_full,2,,,,none,false,medium
mosquitolkfo.nAb_design_9,1,,,,none,false,high
mosquitolkfo.nAb_design_9,2,,,,none,false,medium
cchallacombe.1,1,,,,none,false,medium
cchallacombe.1,2,,,,none,false,high
paulafcfranklin.synth_rosetta_7,1,,,,none,false,high
paulafcfranklin.synth_rosetta_7,2,,,,none,false,high
paulafcfranklin.synth_rosetta_7,3,,,,none,false,high
akash.arunabharathi.design8,1,,,,none,false,high
akash.arunabharathi.design8,2,,,,none,false,medium
tarkhov.andrey.Erithacus_rubecula_gigantus_9,1,,,,none,false,high
tarkhov.andrey.Erithacus_rubecula_gigantus_9,2,,,,none,false,high
tarkhov.andrey.Erithacus_rubecula_gigantus_9,3,,,,none,false,medium
merlettaia.seq70v3,1,,,,none,false,high
merlettaia.seq70v3,2,,,,none,false,medium
tarkhov.andrey.Erithacus_rubecula_gigantus_1,1,,,,none,false,high
tarkhov.andrey.Erithacus_rubecula_gigantus_1,2,,,,none,false,medium
darius.szablowski.EGFR_binder_3___ggggs_3_linked_top_binders_1_rev_and_2_rev,1,,,,none,false,high
darius.szablowski.EGFR_binder_3___ggggs_3_linked_top_binders_1_rev_and_2_rev,2,,,,none,false,medium
darius.szablowski.EGFR_binder_5___ggggs_3_linked_top_binders_1_and_2_efficiently_evolved_and_sapiens_evolved,1,,,,none,false,high
darius.szablowski.EGFR_binder_5___ggggs_3_linked_top_binders_1_and_2_efficiently_evolved_and_sapiens_evolved,2,,,,none,false,medium
cameron.kroll.Gertrude_gen3_S69D_N61E,1,,,,none,false,high
cameron.kroll.Gertrude_gen3_S69D_N61E,2,,,,none,false,high
cameron.kroll.Gertrude_gen3_S69D_N61E,3,,,,none,false,high
huiyu.cai.H3_15_4373_H,1,,,,none,false,medium
huiyu.cai.H3_15_4373_H,2,,,,none,false,high
huiyu.cai.H3_15_4373_H,3,,,,none,false,medium
toluwase.fatoki.Toluwase_Sequence3_119,1,,,,none,false,high
toluwase.fatoki.Toluwase_Sequence3_119,2,,,,none,false,medium
724928537.DBZ6___A,1,,,,none,false,high
724928537.DBZ6___A,2,,,,none,false,medium
karmanyaaggarwal.DS002542,1,,,,none,false,medium
karmanyaaggarwal.DS002542,2,,,,none,false,medium
klima.jason.8HGO_design_vdcjs_1_2,1,,,,none,false,medium
klima.jason.8HGO_design_vdcjs_1_2,2,,,,none,false,high
klima.jason.8HGO_design_vdcjs_1_2,3,,,,none,false,high
qilin_y.test6,1,,,,none,false,high
qilin_y.test6,2,,,,none,false,medium
jude.wells.21.6b3s_necitumumab_fused_trimmed_task_98_iter_184,1,,,,none,false,high
jude.wells.21.6b3s_necitumumab_fused_trimmed_task_98_iter_184,2,,,,none,false,medium
silvia.toscani.B_EGFR_6,1,,,,none,false,high
silvia.toscani.B_EGFR_6,2,,,,none,false,medium
silvia.toscani.B_EGFR_6,3,,,,none,false,high
jude.wells.21.panitumumab_fused_trimmed_crossbreed3,1,,,,none,false,medium
jude.wells.21.panitumumab_fused_trimmed_crossbreed3,2,,,,none,false,high
jude.wells.21.panitumumab_fused_trimmed_crossbreed3,3,,,,none,false,high
lhallee.lhallee_128_driveid_3_4,1,,,,none,false,high
lhallee.lhallee_128_driveid_3_4,2,,,,none,false,medium
youngsuko2000.fast4,1,,,,none,false,medium
youngsuko2000.fast4,2,,,,none,false,high
niklas.EE4629A9-322F-48F0-884D-8F4418DB9BCE_l151_s241659642_mpnn11,1,,,,none,false,medium
niklas.EE4629A9-322F-48F0-884D-8F4418DB9BCE_l151_s241659642_mpnn11,2,,,,none,false,high
youngsuko2000.last,1,,,,none,false,medium
youngsuko2000.last,2,,,,none,false,medium
aswini.seed2_3,1,,,,none,false,high
aswini.seed2_3,2,,,,none,false,high
aswini.seed2_3,3,,,,none,false,high
jude.wells.21.6b3s_necitumumab_fused_trimmed_task_89_iter_216,1,,,,none,false,medium
jude.wells.21.6b3s_necitumumab_fused_trimmed_task_89_iter_216,2,,,,none,false,medium
gitter.yolo23,1,,,,none,false,high
gitter.yolo23,2,,,,none,false,medium
gitter.yolo23,3,,,,none,false,high
chuh.EGFR_Seg1_l58_s941869_mpnn2,1,,,,none,false,medium
chuh.EGFR_Seg1_l58_s941869_mpnn2,2,,,,none,false,high
julie.rj0aa,1,,,,none,false,high
julie.rj0aa,2,,,,none,false,medium
julie.rj0aa,3,,,,none,false,high
biolucasmachado.engineered_binder_4,1,,,,none,false,medium
biolucasmachado.engineered_binder_4,2,,,,none,false,high
z_peplib.pepseq_design_6,1,,,,none,false,high
z_peplib.pepseq_design_6,2,,,,none,false,medium
antorsae.ta397unsafety_2,1,,,,none,false,medium
antorsae.ta397unsafety_2,2,,,,none,false,high
mosquitolkfo.nAb_design_7,1,,,,none,false,high
mosquitolkfo.nAb_design_7,2,,,,none,false,medium
zhoup1366.DBZ1___A,1,,,,none,false,high
zhoup1366.DBZ1___A,2,,,,none,false,medium
lhallee.lhallee_128_driveid_1_2,1,,,,none,false,high
lhallee.lhallee_128_driveid_1_2,2,,,,none,false,medium
paulafcfranklin.synth_rosetta_8,1,,,,none,false,high
paulafcfranklin.synth_rosetta_8,2,,,,none,false,medium
alex.naka.Charizard,1,,,,none,false,high
alex.naka.Charizard,2,,,,none,false,high
alex.naka.Charizard,3,,,,none,false,high
antorsae.TA_5_2,1,,,,none,false,high
antorsae.TA_5_2,2,,,,none,false,high
antorsae.TA_5_2,3,,,,none,false,high
paulafcfranklin.synth_rosetta_4,1,,,,none,false,high
paulafcfranklin.synth_rosetta_4,2,,,,none,false,high
noah.holzleitner.Noah_EGFR-Binder_4,1,,,,none,false,high
noah.holzleitner.Noah_EGFR-Binder_4,2,,,,none,false,high
coreyhowe99.corey82,1,,,,none,false,high
coreyhowe99.corey82,2,,,,none,false,high
duynth29.Duy_L111_mpnn14_L80M_L42M,1,,,,none,false,high
duynth29.Duy_L111_mpnn14_L80M_L42M,2,,,,none,false,high
Reed.HARRISON.model_56_119_0,1,,,,none,false,high
Reed.HARRISON.model_56_119_0,2,,,,none,false,high
bundit.b_s18.manbaritone_Seq3_EGFR-binder-70-100_beta_303_dldesign_6_Lenght=71,1,,,,none,false,high
bundit.b_s18.manbaritone_Seq3_EGFR-binder-70-100_beta_303_dldesign_6_Lenght=71,2,,,,none,false,high
bundit.b_s18.manbaritone_Seq3_EGFR-binder-70-100_beta_303_dldesign_6_Lenght=71,3,,,,none,false,high
duynth29.Duy_L111_mpnn14_I36M__L80M_L42M,1,,,,none,false,high
duynth29.Duy_L111_mpnn14_I36M__L80M_L42M,2,,,,none,false,high
lennart.nickel.EGFR_l170_s20625_mpnn10,1,,,,none,false,high
lennart.nickel.EGFR_l170_s20625_mpnn10,2,,,,none,false,high
aswinijavadi160197.8_A,1,,,,none,false,high
aswinijavadi160197.8_A,2,,,,none,false,high
aswinijavadi160197.8_A,3,,,,none,false,high
maxall4.EGFR_ED_BINDER_l134_s906486_mpnn2_model1_unrelaxed_rank_001_alphafold2_multimer_v3_model_1_seed_000_top1_mutation_G108S_round1_Y80D_Chain_A,1,,,,none,false,high
maxall4.EGFR_ED_BINDER_l134_s906486_mpnn2_model1_unrelaxed_rank_001_alphafold2_multimer_v3_model_1_seed_000_top1_mutation_G108S_round1_Y80D_Chain_A,2,,,,none,false,high
fernando.meireles.design_hybrid_partial_diff_4_31_binder,1,,,,none,false,high
fernando.meireles.design_hybrid_partial_diff_4_31_binder,2,,,,none,false,high
carson.vaux.Baker1_18,1,,,,none,false,high
carson.vaux.Baker1_18,2,,,,none,false,high
julian.faust.Demupitamab_mpnn_19_scfv,1,,,,none,false,high
julian.faust.Demupitamab_mpnn_19_scfv,2,,,,none,false,high
julian.faust.Demupitamab_mpnn_19_scfv,3,,,,none,false,high
lennart.nickel.EGFR_l114_s69310_mpnn7,1,,,,none,false,high
lennart.nickel.EGFR_l114_s69310_mpnn7,2,,,,none,false,high
lennart.nickel.EGFR_l114_s69310_mpnn7,3,,,,none,false,high
fgndd1.fg_seq1,1,,,,none,false,high
fgndd1.fg_seq1,2,,,,none,false,high
cchallacombe.6,1,,,,none,false,high
cchallacombe.6,2,,,,none,false,high
cchallacombe.6,3,,,,none,false,high
niklas.E5A28FA3-3501-41C2-922C-EC848E0BC020_l81_s514858345_mpnn4,1,,,,none,false,high
niklas.E5A28FA3-3501-41C2-922C-EC848E0BC020_l81_s514858345_mpnn4,2,,,,none,false,high
flowuenne.nf-proteindesign_design7,1,,,,none,false,high
flowuenne.nf-proteindesign_design7,2,,,,none,false,high
qxy615.s1_rfd_base_46_60,1,,,,none,false,high
qxy615.s1_rfd_base_46_60,2,,,,none,false,high
qxy615.s1_rfd_base_46_60,3,,,,none,false,high
fernando.meireles.design_hybrid_partial_diff_9_54_binder,1,,,,none,false,high
fernando.meireles.design_hybrid_partial_diff_9_54_binder,2,,,,none,false,high
jude.wells.21.panitumumab_fused_trimmed_task_12_iter_123,1,,,,none,false,high
jude.wells.21.panitumumab_fused_trimmed_task_12_iter_123,2,,,,none,false,high
chenceshi1105.steven_binder_design_l82_s44755_it100_mpnn6,1,,,,none,false,high
chenceshi1105.steven_binder_design_l82_s44755_it100_mpnn6,2,,,,none,false,high
chenceshi1105.steven_binder_design_l82_s44755_it100_mpnn6,3,,,,none,false,high
zalavi.shortrustamov_GGG_zalavi3,1,,,,none,false,high
zalavi.shortrustamov_GGG_zalavi3,2,,,,none,false,high
allongoldberg.4_44_14_refined_IDEAL,1,,,,none,false,high
allongoldberg.4_44_14_refined_IDEAL,2,,,,none,false,high
joel.rf_diffusion_trim_3,1,,,,none,false,high
joel.rf_diffusion_trim_3,2,,,,none,false,high
akash.arunabharathi.design3,1,,,,none,false,high
akash.arunabharathi.design3,2,,,,none,false,high
duynth29.L88_MPNN5,1,,,,none,false,high
duynth29.L88_MPNN5,2,,,,none,false,high
duynth29.L88_MPNN5,3,,,,none,false,high
darius.szablowski.EGFR_binder_4___ggggs_3_linked_top_binders_1_and_2_efficiently_evolved,1,,,,none,false,high
darius.szablowski.EGFR_binder_4___ggggs_3_linked_top_binders_1_and_2_efficiently_evolved,2,,,,none,false,high
allongoldberg.3_52,1,,,,none,false,high
allongoldberg.3_52,2,,,,none,false,high
martin.EGFR_l177_s77884_mpnn7,1,,,,none,false,high
martin.EGFR_l177_s77884_mpnn7,2,,,,none,false,high
qilin_y.test7,1,,,,none,false,high
qilin_y.test7,2,,,,none,false,high
s1995825.cotimed_egf_netsolp_usability_1,1,,,,none,false,high
s1995825.cotimed_egf_netsolp_usability_1,2,,,,none,false,high
s1995825.cotimed_egf_netsolp_usability_1,3,,,,none,false,high
keaun.GWFGVVFKADIARVSEFVAIGLSTGPLGSESTFSIWRQ,1,,,,none,false,high
keaun.GWFGVVFKADIARVSEFVAIGLSTGPLGSESTFSIWRQ,2,,,,none,false,high
allongoldberg.4_44_0_refined,1,,,,none,false,high
allongoldberg.4_44_0_refined,2,,,,none,false,high
allongoldberg.4_44_0_refined,3,,,,none,false,high
x.rustamov.traj_11_8_model_5_0,1,,,,none,false,high
x.rustamov.traj_11_8_model_5_0,2,,,,none,false,high
akash.arunabharathi.design10,1,,,,none,false,high
akash.arunabharathi.design10,2,,,,none,false,high
zalavi.zalavi3_mergedaltered_rustamov,1,,,,none,false,high
zalavi.zalavi3_mergedaltered_rustamov,2,,,,none,false,high
lhallee.lhallee_40_target_driveid_10,1,,,,none,false,high
lhallee.lhallee_40_target_driveid_10,2,,,,none,false,high
noah.holzleitner.Noah_EGFR-Binder_1,1,,,,none,false,high
noah.holzleitner.Noah_EGFR-Binder_1,2,,,,none,false,high
noah.holzleitner.Noah_EGFR-Binder_1,3,,,,none,false,high
mlange05.A,1,,,,none,false,high
mlange05.A,2,,,,none,false,high
mlange05.A,3,,,,none,false,high
darius.szablowski.EGFR_binder_2___ggggs_3_linked_top_binders_1_and_2,1,,,,none,false,high
darius.szablowski.EGFR_binder_2___ggggs_3_linked_top_binders_1_and_2,2,,,,none,false,high
lyu.1,1,,,,none,false,high
lyu.1,2,,,,none,false,high
lyu.3,1,,,,none,false,high
lyu.3,2,,,,none,false,high
lyu.3,3,,,,none,false,high
rohith.mohan.model_67_69_2,1,,,,none,false,high
rohith.mohan.model_67_69_2,2,,,,none,false,high
rohith.mohan.model_67_69_2,3,,,,none,false,high
bundit.b_s18.manbaritone_Seq6_EGFR-binder-70-100_beta_778_dldesign_0_Length=71,1,,,,none,false,high
bundit.b_s18.manbaritone_Seq6_EGFR-binder-70-100_beta_778_dldesign_0_Length=71,2,,,,none,false,high
junhee.park1999.EGFR_binder_7,1,,,,none,false,high
junhee.park1999.EGFR_binder_7,2,,,,none,false,high
zhoup1366.DBZ8___A,1,,,,none,false,high
zhoup1366.DBZ8___A,2,,,,none,false,high
amelie.schreiber.model_83_156_16,1,,,,none,false,high
amelie.schreiber.model_83_156_16,2,,,,none,false,high
salireza111.Seq206_1_001_6,1,,,,none,false,high
salireza111.Seq206_1_001_6,2,,,,none,false,high
junhee.park1999.EGFR_binder_9,1,,,,none,false,high
junhee.park1999.EGFR_binder_9,2,,,,none,false,high
nhaas.4,1,,,,none,false,high
nhaas.4,2,,,,none,false,high
darius.szablowski.EGFR_binder_1___top_binder_1,1,,,,none,false,high
darius.szablowski.EGFR_binder_1___top_binder_1,2,,,,none,false,high
chenceshi1105.steven_binder_design_l75_s60968_it100_mpnn0,1,,,,none,false,high
chenceshi1105.steven_binder_design_l75_s60968_it100_mpnn0,2,,,,none,false,high
maxall4.EGFR_ED_BINDER_l124_s860500_mpnn1_model1_unrelaxed_rank_001_alphafold2_multimer_v3_model_1_seed_000_top1_mutation_D81N_round1_Chain_A,1,,,,none,false,high
maxall4.EGFR_ED_BINDER_l124_s860500_mpnn1_model1_unrelaxed_rank_001_alphafold2_multimer_v3_model_1_seed_000_top1_mutation_D81N_round1_Chain_A,2,,,,none,false,high
maxall4.EGFR_ED_BINDER_l124_s860500_mpnn1_model1_unrelaxed_rank_001_alphafold2_multimer_v3_model_1_seed_000_top1_mutation_D81N_round1_Chain_A,3,,,,none,false,high
deepsatflow.6aru_final_chain_A_domain_3_l138_s466479_mpnn9,1,,,,none,false,high
deepsatflow.6aru_final_chain_A_domain_3_l138_s466479_mpnn9,2,,,,none,false,high
salireza111.Seq166_1_001_7,1,,,,none,false,high
salireza111.Seq166_1_001_7,2,,,,none,false,high
bundit.b_s18.manbaritone_Seq5_EGFR-binder-70-100_beta_303_dldesign_1_Length=71,1,,,,none,false,high
bundit.b_s18.manbaritone_Seq5_EGFR-binder-70-100_beta_303_dldesign_1_Length=71,2,,,,none,false,high
junhee.park1999.EGFR_binder_6,1,,,,none,false,high
junhee.park1999.EGFR_binder_6,2,,,,none,false,high
junhee.park1999.EGFR_binder_6,3,,,,none,false,high
spacecruiser42.d2_prompt_binder_t0.8_88,1,,,,none,false,high
spacecruiser42.d2_prompt_binder_t0.8_88,2,,,,none,false,high
christoph.gruber.UpperBinder_Scaffold3_LowerBinder,1,,,,none,false,high
christoph.gruber.UpperBinder_Scaffold3_LowerBinder,2,,,,none,false,high
amelie.schreiber.model_56_119_15,1,,,,none,false,high
amelie.schreiber.model_56_119_15,2,,,,none,false,high
spacecruiser42.d2_prompt_binder_t1.0_37,1,,,,none,false,high
spacecruiser42.d2_prompt_binder_t1.0_37,2,,,,none,false,high
spacecruiser42.d2_prompt_binder_t1.0_22,1,,,,none,false,high
spacecruiser42.d2_prompt_binder_t1.0_22,2,,,,none,false,high
spacecruiser42.d2_prompt_binder_t1.0_22,3,,,,none,false,high
jakublala.epitope_2_30aa_1.pdb,1,,,,none,false,high
jakublala.epitope_2_30aa_1.pdb,2,,,,none,false,high
markus.braun.egfr_binder_6,1,,,,none,false,high
markus.braun.egfr_binder_6,2,,,,none,false,high
cameron.kroll.Leitner,1,,,,none,false,high
cameron.kroll.Leitner,2,,,,none,false,high
niklas.95B59203-B642-4754-BCD3-8E670A722C8D_l91_s349792600_mpnn19,1,,,,none,false,high
niklas.95B59203-B642-4754-BCD3-8E670A722C8D_l91_s349792600_mpnn19,2,,,,none,false,high
mchrnwsk.marta_chronowska_dom1_l99_s666690_mpnn16,1,,,,none,false,high
mchrnwsk.marta_chronowska_dom1_l99_s666690_mpnn16,2,,,,none,false,high
mchrnwsk.marta_chronowska_dom1_l99_s666690_mpnn16,3,,,,none,false,high
chuh.EGFR_Seg2_l62_s244475_mpnn4,1,,,,none,false,high
chuh.EGFR_Seg2_l62_s244475_mpnn4,2,,,,none,false,high
tarkhov.andrey.Erithacus_rubecula_gigantus_7,1,,,,none,false,high
tarkhov.andrey.Erithacus_rubecula_gigantus_7,2,,,,none,false,high
tarkhov.andrey.Erithacus_rubecula_gigantus_7,3,,,,none,false,high
niklas.7A72D922-1677-4FC8-9315-D7996BA05D8E_l150_s530325711_mpnn12,1,,,,none,false,high
niklas.7A72D922-1677-4FC8-9315-D7996BA05D8E_l150_s530325711_mpnn12,2,,,,none,false,high
niklas.7A72D922-1677-4FC8-9315-D7996BA05D8E_l150_s530325711_mpnn12,3,,,,none,false,high
niklas.95B59203-B642-4754-BCD3-8E670A722C8D_l91_s349792600_mpnn2,1,,,,none,false,high
niklas.95B59203-B642-4754-BCD3-8E670A722C8D_l91_s349792600_mpnn2,2,,,,none,false,high
tim.silica_corpora_regions_sampled_epitope_2_generated_variant_8_rank_3_phase_2,1,,,,none,false,high
tim.silica_corpora_regions_sampled_epitope_2_generated_variant_8_rank_3_phase_2,2,,,,none,false,high
tim.silica_corpora_regions_sampled_epitope_2_generated_variant_8_rank_3_phase_2,3,,,,none,false,high
noah.holzleitner.Noah_EGFR-Binder_2,1,,,,none,false,high
noah.holzleitner.Noah_EGFR-Binder_2,2,,,,none,false,high
noah.holzleitner.Noah_EGFR-Binder_2,3,,,,none,false,high
gitter.yolo46,1,,,,none,false,high
gitter.yolo46,2,,,,none,false,high
gitter.yolo46,3,,,,none,false,high
fernando.meireles.design_hybrid_partial_diff_7_1_binder,1,,,,none,false,high
fernando.meireles.design_hybrid_partial_diff_7_1_binder,2,,,,none,false,high
fernando.meireles.design_hybrid_partial_diff_7_1_binder,3,,,,none,false,high
maxall4.EGFR_ED_BINDER_l134_s906486_mpnn2_model1_unrelaxed_rank_001_alphafold2_multimer_v3_model_1_seed_000_top1_mutation_G108S_round1_Chain_A,1,,,,none,false,high
maxall4.EGFR_ED_BINDER_l134_s906486_mpnn2_model1_unrelaxed_rank_001_alphafold2_multimer_v3_model_1_seed_000_top1_mutation_G108S_round1_Chain_A,2,,,,none,false,high
noah.holzleitner.Noah_EGFR-Binder_3,1,,,,none,false,high
noah.holzleitner.Noah_EGFR-Binder_3,2,,,,none,false,high
alejandro.corrochano-navarro.eng_scfv_binder_3,1,,,,none,false,high
alejandro.corrochano-navarro.eng_scfv_binder_3,2,,,,none,false,high
maxall4.EGFR_ED_BINDER_l132_s581930_mpnn1_model1_unrelaxed_rank_001_alphafold2_multimer_v3_model_1_seed_000_top1_mutation_R79A_round1_Chain_A,1,,,,none,false,high
maxall4.EGFR_ED_BINDER_l132_s581930_mpnn1_model1_unrelaxed_rank_001_alphafold2_multimer_v3_model_1_seed_000_top1_mutation_R79A_round1_Chain_A,2,,,,none,false,high
lennart.nickel.EGFR_l98_s70756_mpnn3,1,,,,none,false,high
lennart.nickel.EGFR_l98_s70756_mpnn3,2,,,,none,false,high
aswini.clipgen30,1,,,,none,false,high
aswini.clipgen30,2,,,,none,false,high
aswini.clipgen30,3,,,,none,false,high
merlettaia.seq52v3,1,,,,none,false,high
merlettaia.seq52v3,2,,,,none,false,high
martin.EGFR_l165_s31019_mpnn3,1,,,,none,false,high
martin.EGFR_l165_s31019_mpnn3,2,,,,none,false,high
huiyu.cai.H3_15_877_H,1,,,,none,false,high
huiyu.cai.H3_15_877_H,2,,,,none,false,high
jakublala.epitope_1_20aa.pdb,1,,,,none,false,high
jakublala.epitope_1_20aa.pdb,2,,,,none,false,high
jakublala.epitope_1_20aa.pdb,3,,,,none,false,high
minji.lee.3458,1,,,,none,false,high
minji.lee.3458,2,,,,none,false,high
ccalia.Paesani_Lab_design9,1,,,,none,false,high
ccalia.Paesani_Lab_design9,2,,,,none,false,high
ccalia.Paesani_Lab_design9,3,,,,none,false,high
nitesh.mishra3.stepwise_rfdiff_egfr_binder_1,1,,,,none,false,high
nitesh.mishra3.stepwise_rfdiff_egfr_binder_1,2,,,,none,false,high
nitesh.mishra3.stepwise_rfdiff_egfr_binder_1,3,,,,none,false,high
merlettaia.seq0v4,1,,,,none,false,high
merlettaia.seq0v4,2,,,,none,false,high
klima.jason.8HGO_design_jt8s1_0_3_proteinmpnn_20,1,,,,none,false,high
klima.jason.8HGO_design_jt8s1_0_3_proteinmpnn_20,2,,,,none,false,high
klima.jason.8HGO_design_jt8s1_0_3_proteinmpnn_20,3,,,,none,false,high
cameron.kroll.Gertrude_gen5,1,,,,none,false,high
cameron.kroll.Gertrude_gen5,2,,,,none,false,high
cameron.kroll.Gertrude_gen5,3,,,,none,false,high
paulafcfranklin.synth_rosetta_10,1,,,,none,false,high
paulafcfranklin.synth_rosetta_10,2,,,,none,false,high
paulafcfranklin.synth_rosetta_6,1,,,,none,false,high
paulafcfranklin.synth_rosetta_6,2,,,,none,false,high
paulafcfranklin.synth_rosetta_6,3,,,,none,false,high
AmirM.MHosseini.seq3,1,,,,none,false,high
AmirM.MHosseini.seq3,2,,,,none,false,high
AmirM.MHosseini.seq3,3,,,,none,false,high
s1995825.timed_egf_netsolp_usability_consensus_2,1,,,,none,false,high
s1995825.timed_egf_netsolp_usability_consensus_2,2,,,,none,false,high
s1995825.timed_egf_netsolp_usability_consensus_2,3,,,,none,false,high
martin.EGFR_l121_s46924_mpnn18,1,,,,none,false,high
martin.EGFR_l121_s46924_mpnn18,2,,,,none,false,high
martin.EGFR_l121_s46924_mpnn18,3,,,,none,false,high
a.tucs.Andrejs_Tucs_seq2,1,,,,none,false,high
a.tucs.Andrejs_Tucs_seq2,2,,,,none,false,high
a.tucs.Andrejs_Tucs_seq2,3,,,,none,false,high
s1995825.cotimed_egf_netsolp_usability_7,1,,,,none,false,high
s1995825.cotimed_egf_netsolp_usability_7,2,,,,none,false,high
s1995825.cotimed_egf_netsolp_usability_7,3,,,,none,false,high
a.tucs.Andrejs_Tucs_seq6,1,,,,none,false,high
a.tucs.Andrejs_Tucs_seq6,2,,,,none,false,high
nitesh.mishra3.stepwise_egf_based_egfr_binder_3,1,,,,none,false,high
nitesh.mishra3.stepwise_egf_based_egfr_binder_3,2,,,,none,false,high
nitesh.mishra3.stepwise_egf_based_egfr_binder_3,3,,,,none,false,high
biolucasmachado.engineered_binder_7,1,,,,none,false,high
biolucasmachado.engineered_binder_7,2,,,,none,false,high
biolucasmachado.engineered_binder_7,3,,,,none,false,high
stocco.filippo.1.3.3.18_51_2_iteration3_1.0356664070457622,1,,,,none,false,high
stocco.filippo.1.3.3.18_51_2_iteration3_1.0356664070457622,2,,,,none,false,high
a.tucs.Andrejs_Tucs_seq10,1,,,,none,false,high
a.tucs.Andrejs_Tucs_seq10,2,,,,none,false,high
markus.braun.egfr_binder_7,1,,,,none,false,high
markus.braun.egfr_binder_7,2,,,,none,false,high
alecl.unrelaxedA,1,,,,none,false,high
alecl.unrelaxedA,2,,,,none,false,high
alecl.unrelaxedA,3,,,,none,false,high
antorsae.TA_4_5,1,,,,none,false,high
antorsae.TA_4_5,2,,,,none,false,high
antorsae.TA_4_5,3,,,,none,false,high
a.tucs.Andrejs_Tucs_seq9,1,,,,none,false,high
a.tucs.Andrejs_Tucs_seq9,2,,,,none,false,high
a.tucs.Andrejs_Tucs_seq9,3,,,,none,false,high
kerrding.seq7,1,,,,none,false,high
kerrding.seq7,2,,,,none,false,high
kerrding.seq7,3,,,,none,false,high
tadaskluonis.cotimed_egf_BCseq_2,1,,,,none,false,high
tadaskluonis.cotimed_egf_BCseq_2,2,,,,none,false,high
markus.braun.egfr_binder_8,1,,,,none,false,high
markus.braun.egfr_binder_8,2,,,,none,false,high
markus.braun.egfr_binder_8,3,,,,none,false,high
"antorsae.T=0.1,_sample=939,_score=0.9451,_global_score=1.3625,_seq_recovery=0.4250",1,,,,none,false,high
"antorsae.T=0.1,_sample=939,_score=0.9451,_global_score=1.3625,_seq_recovery=0.4250",2,,,,none,false,high
"antorsae.T=0.1,_sample=939,_score=0.9451,_global_score=1.3625,_seq_recovery=0.4250",3,,,,none,false,high
antorsae.TA_5_1,1,,,,none,false,high
antorsae.TA_5_1,2,,,,none,false,high
antorsae.TA_5_1,3,,,,none,false,high
tadej.satler.egfr_binder_3,1,,,,none,false,high
tadej.satler.egfr_binder_3,2,,,,none,false,high
antorsae.TA_5_3,1,,,,none,false,high
antorsae.TA_5_3,2,,,,none,false,high
antorsae.TA_5_3,3,,,,none,false,high
stocco.filippo.1.3.3.18_13_0_iteration12_1.0279718223732435,1,,,,none,false,high
stocco.filippo.1.3.3.18_13_0_iteration12_1.0279718223732435,2,,,,none,false,high
stocco.filippo.1.3.3.18_13_0_iteration12_1.0279718223732435,3,,,,none,false,high
alex.naka.Squirtle,1,,,,none,false,high
alex.naka.Squirtle,2,,,,none,false,high
alex.naka.Squirtle,3,,,,none,false,high
qy.qilin.yu.10-13-21_sample267_complex_42_complex,1,,,,none,false,high
qy.qilin.yu.10-13-21_sample267_complex_42_complex,2,,,,none,false,high
x.rustamov.P_vhh_partial_1_32,1,,,,none,false,high
x.rustamov.P_vhh_partial_1_32,2,,,,none,false,high
x.rustamov.P_vhh_partial_1_32,3,,,,none,false,high
tim.silica_corpora_sampled_epitope_0_generated_variant_8_rank_1_phase_2,1,,,,none,false,high
tim.silica_corpora_sampled_epitope_0_generated_variant_8_rank_1_phase_2,2,,,,none,false,high
baptiste.roelens.ognk,1,,,,none,false,high
baptiste.roelens.ognk,2,,,,none,false,high
baptiste.roelens.ognk,3,,,,none,false,high
tim.silica_corpora_sampled_epitope_0_generated_variant_1_rank_8_phase_2,1,,,,none,false,high
tim.silica_corpora_sampled_epitope_0_generated_variant_1_rank_8_phase_2,2,,,,none,false,high
s1995825.cotimed_egf_netsolp_usability_4,1,,,,none,false,high
s1995825.cotimed_egf_netsolp_usability_4,2,,,,none,false,high
s1995825.cotimed_egf_netsolp_usability_6,1,,,,none,false,high
s1995825.cotimed_egf_netsolp_usability_6,2,,,,none,false,high
s1995825.cotimed_egf_netsolp_usability_6,3,,,,none,false,high
s1995825.timed_egf_netsolp_usability_consensus_1,1,,,,none,false,high
s1995825.timed_egf_netsolp_usability_consensus_1,2,,,,none,false,high
s1995825.timed_egf_netsolp_usability_consensus_1,3,,,,none,false,high
s1995825.cotimed_egf_netsolp_usability_3,1,,,,none,false,high
s1995825.cotimed_egf_netsolp_usability_3,2,,,,none,false,high
s1995825.cotimed_egf_netsolp_usability_3,3,,,,none,false,high
kerrding.seq8,1,,,,none,false,high
kerrding.seq8,2,,,,none,false,high
kerrding.seq8,3,,,,none,false,high
akash.arunabharathi.design9,1,,,,none,false,high
akash.arunabharathi.design9,2,,,,none,false,high
akash.arunabharathi.design9,3,,,,none,false,high
jakublala.full_dibinder_45aa.pdb,1,,,,none,false,high
jakublala.full_dibinder_45aa.pdb,2,,,,none,false,high
s1995825.cotimed_egf_netsolp_usability_8,1,,,,none,false,high
s1995825.cotimed_egf_netsolp_usability_8,2,,,,none,false,high
s1995825.cotimed_egf_netsolp_usability_8,3,,,,none,false,high
martin.EGFR_l111_s89744_mpnn1,1,,,,none,false,high
martin.EGFR_l111_s89744_mpnn1,2,,,,none,false,high
amelie.schreiber.model_60_151_9,1,,,,none,false,high
amelie.schreiber.model_60_151_9,2,,,,none,false,high
amelie.schreiber.model_60_151_9,3,,,,none,false,high
spacecruiser42.d2_prompt_binder_t1.0_139,1,,,,none,false,high
spacecruiser42.d2_prompt_binder_t1.0_139,2,,,,none,false,high
spacecruiser42.d2_prompt_binder_t1.0_139,3,,,,none,false,high
zulfatmi.pocket7pep42,1,,,,none,false,high
zulfatmi.pocket7pep42,2,,,,none,false,high
ccalia.Paesani_Lab_design8,1,,,,none,false,high
ccalia.Paesani_Lab_design8,2,,,,none,false,high
lhallee.lhallee_20_on_target_2000,1,,,,none,false,high
lhallee.lhallee_20_on_target_2000,2,,,,none,false,high
binom16.pocket7pep80,1,,,,none,false,high
binom16.pocket7pep80,2,,,,none,false,high
zalavi.zalavi3_GGG_shortpacesa,1,,,,none,false,high
zalavi.zalavi3_GGG_shortpacesa,2,,,,none,false,high
zalavi.zalavi3_GGG_shortpacesa,3,,,,none,false,high
zhoup1366.DBZ10___A,1,,,,none,false,high
zhoup1366.DBZ10___A,2,,,,none,false,high
ccalia.Paesani_Lab_design3,1,,,,none,false,high
ccalia.Paesani_Lab_design3,2,,,,none,false,high
mlange05.C,1,,,,none,false,high
mlange05.C,2,,,,none,false,high
lhallee.lhallee_40_full_driveid_8_9,1,,,,none,false,high
lhallee.lhallee_40_full_driveid_8_9,2,,,,none,false,high
allongoldberg.3_52_10_refined_IDEAL,1,,,,none,false,high
allongoldberg.3_52_10_refined_IDEAL,2,,,,none,false,high
minji.lee.459,1,,,,none,false,high
minji.lee.459,2,,,,none,false,high
christoph.gruber.UpperBinder_XTEN_LowerBinder,1,,,,none,false,high
christoph.gruber.UpperBinder_XTEN_LowerBinder,2,,,,none,false,high
dre.LGDL_EGFR_001,1,,,,none,false,high
dre.LGDL_EGFR_001,2,,,,none,false,high
keaun.GAFPVVFKADIARVSEFVAIGPSTGYLGSLTTMSGVNQ,1,,,,none,false,high
keaun.GAFPVVFKADIARVSEFVAIGPSTGYLGSLTTMSGVNQ,2,,,,none,false,high
toluwase.fatoki.Toluwase_Sequence4_148,1,,,,none,false,high
toluwase.fatoki.Toluwase_Sequence4_148,2,,,,none,false,high
christoph.gruber.UpperBinder_Scaffold1_LowerBinder,1,,,,none,false,high
christoph.gruber.UpperBinder_Scaffold1_LowerBinder,2,,,,none,false,high
christoph.gruber.Binder12_1,1,,,,none,false,high
christoph.gruber.Binder12_1,2,,,,none,false,high
flowuenne.nf-proteindesign_design8,1,,,,none,false,high
flowuenne.nf-proteindesign_design8,2,,,,none,false,high
flowuenne.nf-proteindesign_design8,3,,,,none,false,high
ssomani.17,1,,,,none,false,high
ssomani.17,2,,,,none,false,high
lennart.nickel.EGFR_l139_s63093_mpnn2,1,,,,none,false,high
lennart.nickel.EGFR_l139_s63093_mpnn2,2,,,,none,false,high
binom16.pocket3pep98,1,,,,none,false,high
binom16.pocket3pep98,2,,,,none,false,high
binom16.pocket3pep98,3,,,,none,false,high
ccalia.Paesani_Lab_design1,1,,,,none,false,high
ccalia.Paesani_Lab_design1,2,,,,none,false,high
salireza111.Seq119_3_001_8,1,,,,none,false,high
salireza111.Seq119_3_001_8,2,,,,none,false,high
huiyu.cai.H3_15_2847_H,1,,,,none,false,high
huiyu.cai.H3_15_2847_H,2,,,,none,false,high
minji.lee.386,1,,,,none,false,high
minji.lee.386,2,,,,none,false,high
binom16.pocket2pep89,1,,,,none,false,high
binom16.pocket2pep89,2,,,,none,false,high
binom16.pocket2pep89,3,,,,none,false,high
ccalia.Paesani_Lab_design2,1,,,,none,false,high
ccalia.Paesani_Lab_design2,2,,,,none,false,high
minji.lee.3995,1,,,,none,false,high
minji.lee.3995,2,,,,none,false,high
minji.lee.3995,3,,,,none,false,high
724928537.DBZ8___A,1,,,,none,false,high
724928537.DBZ8___A,2,,,,none,false,high
Ali.RASOULI.intern.model_77_142_3,1,,,,none,false,high
Ali.RASOULI.intern.model_77_142_3,2,,,,none,false,high
Ali.RASOULI.intern.model_77_142_3,3,,,,none,false,high
allongoldberg.4_44,1,,,,none,false,high
allongoldberg.4_44,2,,,,none,false,high
allongoldberg.4_44,3,,,,none,false,high
spacecruiser42.d2_prompt_binder_t0.8_42,1,,,,none,false,high
spacecruiser42.d2_prompt_binder_t0.8_42,2,,,,none,false,high
jakublala.full_dibinder_45aa_2.pdb,1,,,,none,false,high
jakublala.full_dibinder_45aa_2.pdb,2,,,,none,false,high
huiyu.cai.H3_15_2431_H,1,,,,none,false,high
huiyu.cai.H3_15_2431_H,2,,,,none,false,high
huiyu.cai.H3_15_2431_H,3,,,,none,false,high
duynth29.L148_MPNN1,1,,,,none,false,high
duynth29.L148_MPNN1,2,,,,none,false,high
duynth29.L148_MPNN1,3,,,,none,false,high
flowuenne.nf-proteindesign_design10,1,,,,none,false,high
flowuenne.nf-proteindesign_design10,2,,,,none,false,high
mlange05.B,1,,,,none,false,high
mlange05.B,2,,,,none,false,high
zulfatmi.pocket2pep63,1,,,,none,false,high
zulfatmi.pocket2pep63,2,,,,none,false,high
zulfatmi.pocket2pep63,3,,,,none,false,high
julian.faust.PimurutamabxBecotatug_scfv,1,,,,unknown,unknown,none
julian.faust.PimurutamabxBecotatug_scfv,2,,,,unknown,unknown,none
nhaas.3,1,,,,unknown,unknown,none
nhaas.3,2,,,,unknown,unknown,none
nhaas.6,1,,,,unknown,unknown,none
nhaas.6,2,,,,unknown,unknown,none
hughy.4krp_B_A_89_rnd3_full,1,,,,unknown,unknown,none
hughy.4krp_B_A_89_rnd3_full,2,,,,unknown,unknown,none
hughy.4krp_B_A_89_rnd3_full,3,,,,unknown,unknown,none
nhaas.2,1,,,,unknown,unknown,none
nhaas.2,2,,,,unknown,unknown,none
nhaas.2,3,,,,unknown,unknown,none
xiuming_li2015.Eureka_seq_4,1,,,,unknown,unknown,none
xiuming_li2015.Eureka_seq_4,2,,,,unknown,unknown,none
xiuming_li2015.Eureka_seq_4,3,,,,unknown,unknown,none
jude.wells.21.6b3s_necitumumab_fused_trimmed_task_211_iter_150,1,,,,unknown,unknown,none
jude.wells.21.6b3s_necitumumab_fused_trimmed_task_211_iter_150,2,,,,unknown,unknown,none
tarkhov.andrey.Erithacus_rubecula_gigantus_8,1,,,,unknown,unknown,none
tarkhov.andrey.Erithacus_rubecula_gigantus_8,2,,,,unknown,unknown,none
xiuming_li2015.Eureka_seq_3,1,,,,unknown,unknown,none
xiuming_li2015.Eureka_seq_3,2,,,,unknown,unknown,none
xiuming_li2015.Eureka_seq_3,3,,,,unknown,unknown,none
mosquitolkfo.nAb_design_6,1,,,,unknown,unknown,none
mosquitolkfo.nAb_design_6,2,,,,unknown,unknown,none
nhaas.8,1,,,,unknown,unknown,none
nhaas.8,2,,,,unknown,unknown,none
nhaas.8,3,,,,unknown,unknown,none
chrisxushaoyong.hu_nano1_5_559c85,1,,,,unknown,unknown,none
chrisxushaoyong.hu_nano1_5_559c85,2,,,,unknown,unknown,none
chrisxushaoyong.hu_nano1_1_ff3e18,1,,,,unknown,unknown,none
chrisxushaoyong.hu_nano1_1_ff3e18,2,,,,unknown,unknown,none
alejandro.corrochano-navarro.eng_scfv_binder_1,1,,,,unknown,unknown,none
alejandro.corrochano-navarro.eng_scfv_binder_1,2,,,,unknown,unknown,none
revoli.mutated_nAb_8,1,,,,unknown,unknown,none
revoli.mutated_nAb_8,2,,,,unknown,unknown,none
mosquitolkfo.nAb_design_1,1,,,,unknown,unknown,none
mosquitolkfo.nAb_design_1,2,,,,unknown,unknown,none
hughy.7om4_B_A_8_rnd2_v2_full,1,,,,unknown,unknown,none
hughy.7om4_B_A_8_rnd2_v2_full,2,,,,unknown,unknown,none
"colby.TUPEGFR_006___anti-EGFR,_Fv-like_protein,_diffused_with_EvoDiff",1,,,,unknown,unknown,none
"colby.TUPEGFR_006___anti-EGFR,_Fv-like_protein,_diffused_with_EvoDiff",2,,,,unknown,unknown,none
x.rustamov.traj_6_1_model_1_8,1,,,,unknown,unknown,none
x.rustamov.traj_6_1_model_1_8,2,,,,unknown,unknown,none
"colby.TUPEGFR_018___anti-EGFR,_Fv-like_protein,_diffused_with_ESM3",1,,,,unknown,unknown,none
"colby.TUPEGFR_018___anti-EGFR,_Fv-like_protein,_diffused_with_ESM3",2,,,,unknown,unknown,none
"colby.TUPEGFR_018___anti-EGFR,_Fv-like_protein,_diffused_with_ESM3",3,,,,unknown,unknown,none
xiuming_li2015.Eureka_seq_1,1,,,,unknown,unknown,none
xiuming_li2015.Eureka_seq_1,2,,,,unknown,unknown,none
724928537.DBZ7___A,1,,,,unknown,unknown,none
724928537.DBZ7___A,2,,,,unknown,unknown,none
