id,db_id,identity,alignment_length,query_length,num_mismatches,query_coverage,target_coverage,db,similarity_check,distance
xiuming_li2015.Eureka_seq_1,USPTO:QYR87978,0.958,241,241,10,1.0,0.391,uspto,0.958,10.122000000000009
round1zeroshot.K5Q_N70S_K71R_N73T_S87T_N88D_R179K_K183R_E213D_S214P,USPTO:WIO01870,0.958,241,241,10,1.0,0.389,uspto,0.958,10.122000000000009
xiuming_li2015.Eureka_seq_3,USPTO:WPT55818,0.95,241,241,12,1.0,0.664,uspto,0.95,12.050000000000011
xiuming_li2015.Eureka_seq_4,USPTO:ADS79417,0.95,241,241,12,1.0,0.391,uspto,0.95,12.050000000000011
julian.faust.Demupitamab_mpnn_19_scfv,USPTO:WLK33165,0.947,246,246,13,1.0,0.352,uspto,0.947,13.038000000000013
alejandro.corrochano-navarro.eng_scfv_binder_2,USPTO:QYR87979,0.946,241,241,13,1.0,0.391,uspto,0.946,13.014000000000012
alejandro.corrochano-navarro.eng_scfv_binder_1,USPTO:WFJ15662,0.946,241,241,13,1.0,0.391,uspto,0.946,13.014000000000012
alejandro.corrochano-navarro.eng_scfv_binder_3,USPTO:WZE39334,0.941,241,241,14,1.0,0.265,uspto,0.941,14.219000000000012
jack.li.EGFRbindingCandidate_7,USPTO:ATJ11830,0.936,220,220,14,1.0,0.487,uspto,0.936,14.079999999999988
jude.wells.21.panitumumab_fused_trimmed_crossbreed3,USPTO:QTW29116,0.933,241,241,16,1.0,0.996,uspto,0.933,16.146999999999988
nhaas.8,USPTO:WIO01864,0.923,247,247,18,1.0,0.581,uspto,0.923,19.01899999999999
chrisxushaoyong.hu_nano2_4_85252b,USPTO:WPU02589,0.921,127,127,10,1.0,0.142,uspto,0.921,10.032999999999994
nhaas.2,USPTO:WIO01864,0.919,247,247,19,1.0,0.581,uspto,0.919,20.00699999999999
chrisxushaoyong.hu_nano1_1_ff3e18,USPTO:WPU02636,0.919,124,124,10,1.0,0.139,uspto,0.919,10.043999999999995
chrisxushaoyong.hu_nano1_3_eef94e,USPTO:WPU02636,0.919,124,124,10,1.0,0.139,uspto,0.919,10.043999999999995
chrisxushaoyong.hu_nano1_5_559c85,USPTO:WPU02337,0.919,124,124,10,1.0,1.0,uspto,0.919,10.043999999999995
zhoup1366.DBZ10___A,USPTO:QPY38970,0.914,117,117,10,1.0,0.529,uspto,0.914,10.061999999999996
nhaas.4,USPTO:WIO01869,0.914,247,247,21,1.0,0.585,uspto,0.914,21.24199999999999
chrisxushaoyong.hu_nano2_2_7ef96e,USPTO:WIU66836,0.913,127,127,11,1.0,1.0,uspto,0.913,11.048999999999996
mosquitolkfo.nAb_design_9,USPTO:WPU02325,0.92,126,127,10,0.992,0.992,uspto,0.91264,11.09472
mosquitolkfo.nAb_design_3,USPTO:WIU67039,0.92,126,127,10,0.992,0.141,uspto,0.91264,11.09472
mosquitolkfo.nAb_design_7,USPTO:WIV71023,0.92,126,127,10,0.992,0.46,uspto,0.91264,11.09472
mosquitolkfo.nAb_design_6,USPTO:QXC74401,0.92,126,127,10,0.992,0.245,uspto,0.91264,11.09472
mosquitolkfo.nAb_design_1,USPTO:QYR87801,0.92,126,127,10,0.992,0.992,uspto,0.91264,11.09472
nhaas.3,USPTO:WZE39331,0.91,247,247,22,1.0,0.372,uspto,0.91,22.229999999999997
revoli.mutated_nAb_8,USPTO:WON02692,0.909,122,122,11,1.0,0.118,uspto,0.909,11.101999999999997
revoli.mutated_nAb_9,USPTO:WIO01682,0.909,122,122,11,1.0,0.32,uspto,0.909,11.101999999999997
revoli.mutated_nAb_5,4krl_B,0.909,122,122,11,1.0,0.917,pdb,0.909,11.101999999999997
jude.wells.21.6b3s_necitumumab_fused_trimmed_task_89_iter_216,USPTO:WLO73086,0.91,245,242,22,0.996,0.459,uspto,0.90636,22.660879999999988
jude.wells.21.6b3s_necitumumab_fused_trimmed_task_98_iter_184,USPTO:WLO73089,0.913,244,242,21,0.992,0.227,uspto,0.905696,22.821567999999985
jude.wells.21.panitumumab_fused_trimmed_task_12_iter_123,USPTO:WIV75068,0.904,241,241,23,1.0,0.581,uspto,0.904,23.135999999999992
cchallacombe.6,4krm_J,0.903,124,124,12,1.0,0.932,pdb,0.903,12.027999999999995
nhaas.6,USPTO:ADS79418,0.894,247,247,25,1.0,0.368,uspto,0.894,26.181999999999995
jude.wells.21.6b3s_necitumumab_fused_trimmed_task_211_iter_150,USPTO:WLO73088,0.893,245,242,26,0.996,0.227,uspto,0.889428,26.758424
zhoup1366.DBZ7___A,USPTO:WLJ31389,0.889,118,118,13,1.0,0.992,uspto,0.889,13.098
724928537.DBZ6___A,USPTO:WIU66836,0.888,126,119,13,1.0,0.992,uspto,0.888,13.328
tim.silica_corpora_regions_sampled_epitope_2_generated_variant_8_rank_3_phase_2,4krn_A,0.886,132,132,15,1.0,0.957,pdb,0.886,15.047999999999998
merlettaia.seq0v3,USPTO:WON02681,0.882,128,128,15,1.0,0.311,uspto,0.882,15.104
julian.faust.PimurutamabxBecotatug_scfv,USPTO:ARH63869,0.879,249,246,30,1.0,0.992,uspto,0.879,29.766
tim.silica_corpora_sampled_epitope_2_generated_variant_9_rank_6_phase_2,USPTO:AOL43490,0.876,121,121,15,1.0,0.323,uspto,0.876,15.004
zhoup1366.DBZ1___A,AJM06724_AJM06725-H,0.876,121,119,15,1.0,0.992,plabdab,0.876,14.756
zhoup1366.DBZ6___A,7kxj_I,0.873,119,119,15,1.0,0.529,pdb,0.873,15.113
tim.silica_corpora_sampled_epitope_0_generated_variant_1_rank_8_phase_2,USPTO:QPZ32079,0.867,128,128,17,1.0,0.494,uspto,0.867,17.024
tim.silica_corpora_sampled_epitope_0_generated_variant_8_rank_1_phase_2,USPTO:QXC86225,0.864,121,121,16,1.0,0.494,uspto,0.864,16.456
tim.silica_corpora_regions_sampled_epitope_0_generated_variant_6_rank_7_phase_2,cchallacombe-thermo1,0.861,127,127,18,1.0,1.0,first_round,0.861,17.653000000000002
huiyu.cai.H3_15_877_H,USPTO:ARH63884,0.852,121,121,17,1.0,0.474,uspto,0.852,17.908
elian.elian4,x.rustamov-m_18_41,0.85,100,100,15,1.0,1.0,first_round,0.85,15.000000000000002
huiyu.cai.H3_15_4373_H,USPTO:ARH63869,0.842,121,121,19,1.0,0.474,uspto,0.842,19.118
huiyu.cai.H3_15_3351_H,ARH63870-H,0.842,121,121,19,1.0,1.0,plabdab,0.842,19.118
elian.elian5,x.rustamov-m_18_41,0.84,100,100,16,1.0,1.0,first_round,0.84,16.000000000000004
elian.elian1,x.rustamov-m_18_41,0.84,100,100,16,1.0,1.0,first_round,0.84,16.000000000000004
zhoup1366.DBZ8___A,USPTO:ATJ11206,0.838,118,118,19,1.0,0.992,uspto,0.838,19.116000000000003
julian.faust.Pimurutamab_mpnn_18_scfv,USPTO:QHX97463,0.837,246,246,39,1.0,0.996,uspto,0.837,40.098000000000006
huiyu.cai.H3_15_2431_H,ARH63869-H,0.836,121,121,19,1.0,1.0,plabdab,0.836,19.844000000000005
724928537.DBZ8___A,USPTO:WYI55243,0.831,119,119,20,1.0,0.992,uspto,0.831,20.111000000000004
elian.elian3,x.rustamov-m_18_41,0.83,100,100,17,1.0,1.0,first_round,0.83,17.000000000000004
elian.elian2,x.rustamov-m_18_41,0.83,100,100,17,1.0,1.0,first_round,0.83,17.000000000000004
julian.faust.Pimurutamab_mpnn_17_scfv,USPTO:QRM11247,0.829,246,246,41,1.0,0.369,uspto,0.829,42.06600000000001
julian.faust.BecotatugxPimurutamab_scfv,USPTO:ARH63884,0.827,249,246,42,1.0,0.992,uspto,0.827,42.55800000000001
youngsuko2000.last,1p9j_A,0.958,48,56,2,0.857,0.889,pdb,0.8210059999999999,10.023664000000004
hughy.7om4_B_A_180_rnd1_v1_full,USPTO:QHX19420,0.819,122,122,21,1.0,1.0,uspto,0.819,22.082000000000008
724928537.DBZ7___A,USPTO:WQB09211,0.816,119,119,22,1.0,0.992,uspto,0.816,21.896000000000008
huiyu.cai.H3_15_2847_H,ARH63869-H,0.816,121,121,22,1.0,1.0,plabdab,0.816,22.264000000000006
stocco.filippo.1.3.3.18_65_0_iteration3_1.028317065130863,USPTO:AVY40267,0.862,51,54,7,0.944,0.962,uspto,0.8137279999999999,10.058688000000004
hughy.7om4_B_A_33_rnd2_v2_full,UOS92509_UOS92510-H,0.813,122,122,22,1.0,1.0,plabdab,0.813,22.814000000000007
paulafcfranklin.synth_rosetta_1,P98135,0.811,53,53,10,1.0,0.398,swissprot,0.811,10.016999999999998
kerrding.seq8,alecl-Sequence1,0.811,53,53,10,1.0,1.0,first_round,0.811,10.016999999999998
kerrding.seq7,alecl-Sequence1,0.811,53,53,10,1.0,1.0,first_round,0.811,10.016999999999998
"colby.TUPEGFR_018___anti-EGFR,_Fv-like_protein,_diffused_with_ESM3",USPTO:WLK33152,0.819,247,250,44,0.988,1.0,uspto,0.8091719999999999,47.70700000000003
cchallacombe.1,4krm_H,0.809,130,130,23,1.0,0.932,pdb,0.809,24.829999999999995
merlettaia.seq6v4,USPTO:AME79112,0.806,124,124,24,1.0,1.0,uspto,0.806,24.055999999999997
karmanyaaggarwal.DS002542,USPTO:WPT82538,0.806,124,124,24,1.0,0.348,uspto,0.806,24.055999999999997
hughy.7om4_B_A_17_rnd2_v2_full,AVY13441_AVY13442-H,0.803,122,122,24,1.0,1.0,plabdab,0.803,24.033999999999995
youngsuko2000.fast4,USPTO:AAQ70183,0.978,46,56,1,0.821,0.836,uspto,0.8029379999999999,11.035472000000004
aureliabustos.bce_var464,USPTO:QFN54482,0.833,48,50,8,0.96,0.96,uspto,0.79968,10.016000000000002
aureliabustos.bce_var433,1iox_A,0.833,48,50,8,0.96,0.96,pdb,0.79968,10.016000000000002
aureliabustos.bce_var702,1ip0_A,0.833,48,50,8,0.96,0.96,pdb,0.79968,10.016000000000002
carson.vaux.Baker1_18,cside_mot_3h_hb1_1541_000000003_0001_2_11_H_._ems_3hC_921_0001_0001_0002_0001__14__E,0.825,63,65,11,0.969,1.0,baker,0.7994249999999999,13.037375000000004
jvogt4.vogt_scFV_2470,USPTO:ABL53925,0.799,248,248,50,1.0,0.996,uspto,0.799,49.84799999999999
karmanyaaggarwal.DS004729,USPTO:WIU09899,0.798,124,124,25,1.0,1.0,uspto,0.798,25.047999999999995
stocco.filippo.1.3.3.18_40_0_iteration12_1.0321554292304749,USPTO:UOS75417,0.843,51,54,8,0.944,0.962,uspto,0.7957919999999999,11.027232000000003
karmanyaaggarwal.DS003076,USPTO:WPU03134,0.793,124,124,25,1.0,1.0,uspto,0.793,25.668
stocco.filippo.1.3.3.18_51_2_iteration3_1.0356664070457622,USPTO:AVY40267,0.823,51,53,9,0.962,0.962,uspto,0.7917259999999999,11.038522000000004
jvogt4.vogt_scFV_2143,USPTO:AFA64028,0.787,248,248,53,1.0,0.996,uspto,0.787,52.82399999999999
jvogt4.vogt_scFV_2009,USPTO:AOD87787,0.787,248,248,53,1.0,0.996,uspto,0.787,52.82399999999999
youngsuko2000.queen,USPTO:ACK26763,0.88,50,56,6,0.893,0.926,uspto,0.78584,11.99296
merlettaia.seq52v3,cchallacombe-thermo1,0.784,130,130,27,1.0,1.0,first_round,0.784,28.079999999999995
cchallacombe.4,4krm_H,0.784,130,130,27,1.0,0.932,pdb,0.784,28.079999999999995
jvogt4.vogt_scFV_2279,USPTO:ADA12154,0.783,248,248,54,1.0,0.996,uspto,0.783,53.816
jvogt4.vogt_scFV_0128,USPTO:ABT09201,0.783,248,248,54,1.0,0.996,uspto,0.783,53.816
junhee.park1999.EGFR_binder_9,USPTO:WIO05645,0.78,248,248,54,1.0,0.996,uspto,0.78,54.56
junhee.park1999.EGFR_binder_7,USPTO:WIO05645,0.78,248,248,54,1.0,0.996,uspto,0.78,54.56
merlettaia.seq70v3,UOS75774_UOS75749-H,0.781,128,120,26,0.992,0.992,plabdab,0.774752,27.02976
merlettaia.seq0v4,USPTO:AME79112,0.774,124,124,28,1.0,1.0,uspto,0.774,28.024
junhee.park1999.EGFR_binder_6,USPTO:WIO05645,0.772,248,248,56,1.0,0.996,uspto,0.772,56.544
hughy.7om4_B_A_8_rnd2_v2_full,8xld_B,0.77,122,122,27,1.0,0.412,pdb,0.77,28.06
youngsuko2000.ysar,USPTO:ACW19354,0.877,49,56,6,0.875,0.925,uspto,0.767375,13.026999999999996
paulafcfranklin.synth_rosetta_4,USPTO:ADL81725,0.78,50,51,11,0.98,0.312,uspto,0.7644,12.0156
paulafcfranklin.synth_rosetta_7,USPTO:ADL96486,0.764,51,51,12,1.0,0.319,uspto,0.764,12.036
alex.naka.Charizard,1eph_A,0.79,43,45,9,0.956,0.811,pdb,0.75524,11.0142
kerrding.seq6,alecl-Sequence1,0.754,53,53,13,1.0,1.0,first_round,0.754,13.038
paulafcfranklin.synth_rosetta_2,Q06922,0.75,52,52,13,1.0,0.325,swissprot,0.75,13.0
aureliabustos.wt_noised_I_scaffold_shorted_var71,USPTO:AHE16413,0.826,46,51,8,0.902,0.868,uspto,0.7450519999999999,13.002348000000003
paulafcfranklin.synth_rosetta_6,USPTO:AYH73035,0.741,58,58,15,1.0,0.183,uspto,0.741,15.022
paulafcfranklin.synth_rosetta_8,P98135,0.767,56,58,13,0.966,0.421,swissprot,0.740922,15.026524000000002
keaun.GWFGVVFKADIARVSEFVAIGLSTGPLGSESTFSIWRQ,USPTO:AMI18570,0.736,38,38,10,1.0,0.217,uspto,0.736,10.032
keaun.GAFPVVFKADIARVSEFVAIGPSTGYLGSLTTMSGVNQ,USPTO:AMI86198,0.736,38,38,10,1.0,0.171,uspto,0.736,10.032
keaun.GWFGVVFKADIAGVSEKVAIELSGGYEGSLTTPSGWNQ,USPTO:AMI18570,0.736,38,38,10,1.0,0.217,uspto,0.736,10.032
keaun.GIFGVVFKADIARVSIDVAIDYSTGYLGSLTTFSGCNQ,USPTO:AMI18570,0.736,38,38,10,1.0,0.217,uspto,0.736,10.032
kerrding.seq5,alecl-Sequence1,0.735,53,53,14,1.0,1.0,first_round,0.735,14.045
stocco.filippo.1.3.3.18_4_2_iteration0_1.0407930462953479,USPTO:ACW19345,0.76,50,52,12,0.962,0.943,uspto,0.73112,13.98176
paulafcfranklin.synth_rosetta_10,P01135,0.75,56,58,14,0.966,0.35,swissprot,0.7244999999999999,15.979000000000005
paulafcfranklin.synth_rosetta_3,USPTO:AFL27216,0.724,58,58,16,1.0,0.363,uspto,0.724,16.008000000000003
AmirM.MHosseini.seq3,USPTO:AGV80978,0.76,50,53,12,0.943,0.926,uspto,0.71668,15.015960000000002
AmirM.MHosseini.seq9,USPTO:ARH80538,0.716,53,53,15,1.0,0.056,uspto,0.716,15.052
AmirM.MHosseini.seq1,USPTO:WOM84038,0.767,56,60,13,0.933,0.35,uspto,0.7156110000000001,17.063339999999993
keaun.GWFGVVFKADIARDSEFVAILESQGYLSSITTFSGWNQ,USPTO:AMI18570,0.71,38,38,11,1.0,0.217,uspto,0.71,11.02
paulafcfranklin.synth_rosetta_5,USPTO:WQA08965,0.788,52,58,11,0.897,0.325,uspto,0.706836,17.003512
aureliabustos.wwt_noised_I_scaffold_shorted_var9391,USPTO:AHE16423,0.782,46,51,10,0.902,0.868,uspto,0.705364,15.026436
aureliabustos.wwt_noised_I_scaffold_shorted_var6640,USPTO:AEF61826,0.782,46,51,10,0.902,0.868,uspto,0.705364,15.026436
hughy.4krp_B_A_89_rnd3_full,USPTO:WPT30535,0.703,127,127,37,1.0,1.0,uspto,0.703,37.71900000000001
pastei5.egfr_binder_01,USPTO:WPT47625,0.705,78,80,23,0.975,0.655,uspto,0.687375,25.010000000000005
aureliabustos.wwt_noised_I_scaffold_shorted_var8423,USPTO:QPW45629,0.833,42,51,7,0.824,0.036,uspto,0.6863919999999999,15.994008000000006
aureliabustos.wwt_noised_I_scaffold_shorted_var7524,USPTO:QKP71573,0.833,42,51,7,0.824,0.036,uspto,0.6863919999999999,15.994008000000006
a.tucs.Andrejs_Tucs_seq2,USPTO:AHE16429,0.68,47,47,15,1.0,0.887,uspto,0.68,15.039999999999996
briannaughton.1_plus_EGFR,martin.pacesa-EGFR_l138_s90285_mpnn2,1.0,138,203,0,0.68,1.0,first_round,0.68,64.96
paulafcfranklin.synth_rosetta_9,USPTO:AYH73035,0.677,62,58,18,1.0,0.196,uspto,0.677,18.734
stocco.filippo.1.3.3.18_13_0_iteration12_1.0279718223732435,USPTO:ABJ29973,0.707,41,43,12,0.953,0.891,uspto,0.6737709999999999,14.027847000000005
joaosartori2.c4,USPTO:AUE73070,0.684,57,58,18,0.983,0.095,uspto,0.6723720000000001,19.002423999999998
AmirM.MHosseini.seq4,USPTO:AAE43146,0.76,46,53,11,0.868,0.979,uspto,0.65968,18.03696
aswini.seed1,alex.naka-06b390,0.673,49,50,16,0.98,0.98,first_round,0.65954,17.023
qilin_y.test7,USPTO:AOB60841,0.657,38,38,11,1.0,0.032,uspto,0.657,13.034
joaosartori2.c1,USPTO:AKX84495,0.678,56,58,18,0.966,0.35,uspto,0.654948,20.013016
joaosartori2.c6,USPTO:AFD51939,0.678,56,58,18,0.966,0.35,uspto,0.654948,20.013016
nitesh.mishra3.stepwise_egf_based_egfr_binder_3,USPTO:AFQ83082,0.666,48,49,16,0.98,0.906,uspto,0.65268,17.01868
x.rustamov.P_vhh_partial_1_32,USPTO:AQM76585,0.658,117,119,40,0.983,0.27,uspto,0.646814,42.029134
alex.naka.Charmeleon,USPTO:WQA34354,0.725,40,45,11,0.889,0.833,uspto,0.644525,15.996375
zalavi.zalavi3_GGG_shortpacesa,zalavi-egfr_binder3,1.0,150,234,0,0.641,1.0,first_round,0.641,84.006
aswini.seed1_1,alex.naka-158511,0.653,49,50,17,0.98,0.98,first_round,0.6399400000000001,18.002999999999997
zalavi.shortrustamov_GGG_zalavi3,zalavi-egfr_binder3,1.0,150,237,0,0.633,1.0,first_round,0.633,86.979
dre.LGDL_EGFR_008,5wb7_E,0.857,28,38,4,0.737,0.452,pdb,0.631609,13.998858
amirmhosseini47.mohammad_seq2,USPTO:UOL76720,0.785,56,70,12,0.8,0.35,uspto,0.6280000000000001,26.039999999999992
dre.LGDL_EGFR_001,7len_D,0.625,40,37,14,1.0,0.833,pdb,0.625,13.875
a.tucs.Andrejs_Tucs_seq5,USPTO:AHE16413,0.617,47,47,18,1.0,0.887,uspto,0.617,18.001
a.tucs.Andrejs_Tucs_seq8,USPTO:AHE16413,0.617,47,47,18,1.0,0.887,uspto,0.617,18.001
a.tucs.Andrejs_Tucs_seq7,USPTO:AHE16437,0.659,44,47,15,0.936,0.83,uspto,0.616824,18.009272
a.tucs.Andrejs_Tucs_seq6,USPTO:AHE16425,0.63,46,47,17,0.979,0.868,uspto,0.61677,18.011809999999997
a.tucs.Andrejs_Tucs_seq4,USPTO:AHE16441,0.63,46,47,17,0.979,0.868,uspto,0.61677,18.011809999999997
a.tucs.Andrejs_Tucs_seq9,USPTO:AHE16425,0.63,46,47,17,0.979,0.868,uspto,0.61677,18.011809999999997
a.tucs.Andrejs_Tucs_seq3,USPTO:AHE16449,0.63,46,47,17,0.979,0.868,uspto,0.61677,18.011809999999997
zalavi.zalavi3_mergedaltered_rustamov,zalavi-egfr_binder3,1.0,150,244,0,0.615,1.0,first_round,0.615,93.94
lyu.2,x.rustamov-m_18_41,0.648,94,100,33,0.94,0.94,first_round,0.60912,39.088
alan.blakely.12_6,martin.pacesa-EGFR_l138_s90285_mpnn2,1.0,138,228,0,0.605,1.0,first_round,0.605,90.06
alan.blakely.12_3,martin.pacesa-EGFR_l138_s90285_mpnn2,1.0,138,228,0,0.605,1.0,first_round,0.605,90.06
joaosartori2.c3,USPTO:AYH73035,0.686,51,58,16,0.879,0.161,uspto,0.602994,23.026348
eceiiitn786.8s2,alex.naka-158511,0.625,48,50,18,0.96,0.96,first_round,0.6,20.0
a.tucs.Andrejs_Tucs_seq10,USPTO:AHE16441,0.651,43,47,15,0.915,0.811,uspto,0.595665,19.003745
a.tucs.Andrejs_Tucs_seq1,USPTO:AFQ83087,0.666,42,47,14,0.894,0.792,uspto,0.595404,19.016012
qilin_y.test8,USPTO:AHE16438,0.941,17,27,1,0.63,0.018,uspto,0.59283,10.99359
alan.blakely.16_2,martin.pacesa-EGFR_l138_s90285_mpnn2,1.0,138,236,0,0.585,1.0,first_round,0.585,97.94
antorsae.TA_5_1,USPTO:AFQ83054,0.571,35,34,14,1.0,0.66,uspto,0.571,14.586000000000002
antorsae.TA_5_2,USPTO:AFQ83056,0.558,34,33,14,1.0,0.642,uspto,0.558,14.586
briannaughton.2_plus_1,martin.pacesa-EGFR_l138_s90285_mpnn2,1.0,138,250,0,0.552,1.0,first_round,0.552,112.0
briannaughton.1_plus_2,martin.pacesa-EGFR_l138_s90285_mpnn2,1.0,138,250,0,0.552,1.0,first_round,0.552,112.0
lyu.1,x.rustamov-m_18_41,0.591,93,100,38,0.93,0.93,first_round,0.54963,45.037000000000006
briannaughton.EGFR_plus_EGFR,USPTO:AEP72947,0.727,95,126,24,0.754,0.075,uspto,0.548158,56.932092
kerrding.seq9,alecl-Sequence1,0.547,53,53,24,1.0,1.0,first_round,0.547,24.009
antorsae.TA_5_3,USPTO:AHE16428,0.545,33,32,14,1.0,0.623,uspto,0.545,14.56
antorsae.ta397unsafety_2,USPTO:AFQ83056,0.558,34,34,14,0.971,0.642,uspto,0.541818,15.578188
lyu.3,x.rustamov-m_18_41,0.574,94,100,40,0.94,0.94,first_round,0.5395599999999999,46.044
biolucasmachado.engineered_binder_1,P01134,0.607,51,58,20,0.879,0.321,swissprot,0.5335529999999999,27.053926000000004
stocco.filippo.1.3.3.18_37_0_iteration3_1.024851931427025,USPTO:WOM02232,0.558,43,45,19,0.956,0.242,uspto,0.533448,20.99484
akash.arunabharathi.design10,USPTO:AHE16419,0.531,45,44,20,1.0,0.849,uspto,0.531,20.636
antorsae.TA_4_5,USPTO:AHE16454,0.548,31,31,13,0.968,0.033,uspto,0.530464,14.555616
"colby.TUPEGFR_006___anti-EGFR,_Fv-like_protein,_diffused_with_EvoDiff",colby-TUPEGFR_010,0.564,231,250,87,0.924,1.0,first_round,0.5211359999999999,119.71600000000002
alecl.unrelaxedA,USPTO:AYH73035,0.553,47,50,21,0.94,0.148,uspto,0.5198200000000001,24.009
alecl.relaxedA,P55244,0.565,46,50,20,0.92,0.38,swissprot,0.5197999999999999,24.010000000000005
antorsae.TA_4_4,USPTO:AHE16428,0.531,32,32,14,0.969,0.604,uspto,0.514539,15.534752
akash.arunabharathi.design3,7om4_C,0.51,45,44,21,1.0,0.849,pdb,0.51,21.56
biolucasmachado.engineered_binder_5,P01134,0.5,52,52,26,1.0,0.327,swissprot,0.5,26.0
alex.naka.Squirtle,USPTO:AFQ83080,0.51,49,50,24,0.98,0.925,uspto,0.4998,25.01
biolucasmachado.engineered_binder_4,P01134,0.517,56,58,27,0.966,0.352,swissprot,0.499422,29.033524
alex.naka.Blastoise,alex.naka-06b390,0.574,47,54,20,0.87,0.94,first_round,0.4993799999999999,27.033480000000004
alex.naka.Venusaur,alex.naka-158511,0.531,47,50,22,0.94,0.94,first_round,0.49914,25.043000000000003
"colby.TUPEGFR_010___anti-EGFR,_Fv-like_protein,_diffused_with_EvoDiff",8pwu_J,0.492,249,250,121,0.996,0.96,pdb,0.4900319999999999,127.492
nitesh.mishra3.stepwise_scaffold_egfr_binder_6,Q05928,0.5,46,47,23,0.979,0.26,swissprot,0.4895,23.9935
"antorsae.T=0.1,_sample=939,_score=0.9451,_global_score=1.3625,_seq_recovery=0.4250",alecl-Sequence9,0.512,39,40,18,0.95,0.736,first_round,0.4864,20.544000000000004
aswini.seed2_3,alex.naka-36550b,0.5,48,50,24,0.96,0.96,first_round,0.48,26.0
s1995825.cotimed_egf_netsolp_usability_4,USPTO:AJN41153,0.5,44,47,22,0.936,0.83,uspto,0.468,25.004
s1995825.cotimed_egf_netsolp_usability_6,alecl-Sequence3,0.511,43,47,21,0.915,0.811,first_round,0.467565,25.024445
antorsae.TA525_0_0,alecl-Sequence9,0.475,40,40,20,0.975,0.755,first_round,0.4631249999999999,21.475
alex.naka.Wartortle,alex.naka-06b390,0.531,47,54,22,0.87,0.94,first_round,0.46197,29.05362
alex.naka.Charmander,alex.naka-dda1c8,0.531,47,54,22,0.87,0.94,first_round,0.46197,29.05362
alex.naka.Ivysaur,alex.naka-dda1c8,0.531,47,54,22,0.87,0.94,first_round,0.46197,29.05362
christoph.gruber.UpperBinder_XTEN_LowerBinder,USPTO:QHX53878,0.878,33,63,4,0.524,0.131,uspto,0.460072,34.015463999999994
"colby.TUPEGFR_001___anti-EGFR,_Fv-like_protein,_diffused_with_EvoDiff",USPTO:QYS22731,0.456,249,250,134,0.996,0.965,uspto,0.454176,136.456
biolucasmachado.engineered_binder_3,USPTO:WQA08963,0.5,44,49,22,0.898,0.275,uspto,0.449,26.998999999999995
biolucasmachado.engineered_binder_9,USPTO:AAA54921,0.511,43,49,21,0.878,0.956,uspto,0.448658,27.015758
biolucasmachado.engineered_binder_8,P01134,0.509,51,58,25,0.879,0.321,swissprot,0.447411,32.050162
s1995825.cotimed_egf_netsolp_usability_7,USPTO:AJN41163,0.5,42,47,21,0.894,0.792,uspto,0.447,25.991
tadaskluonis.cotimed_egf_BCseq_2,USPTO:UOS75416,0.5,42,47,21,0.894,0.894,uspto,0.447,25.991
s1995825.cotimed_egf_netsolp_usability_1,USPTO:AFQ83059,0.5,42,47,21,0.894,0.792,uspto,0.447,25.991
s1995825.timed_egf_netsolp_usability_consensus_1,USPTO:AFQ83086,0.5,42,47,21,0.894,0.792,uspto,0.447,25.991
s1995825.cotimed_egf_netsolp_usability_5,USPTO:AVY40266,0.5,42,47,21,0.894,0.894,uspto,0.447,25.991
s1995825.cotimed_egf_netsolp_usability_2,alecl-Sequence2,0.5,42,47,21,0.894,0.792,first_round,0.447,25.991
tadaskluonis.cotimed_egf_BCseq_1,alecl-Sequence2,0.488,43,47,22,0.915,0.811,first_round,0.44652,26.01356
tadaskluonis.cotimed_egf_BCseq_0,USPTO:AFQ83082,0.446,47,47,25,1.0,0.887,uspto,0.446,26.038000000000004
s1995825.cotimed_egf_netsolp_usability_3,USPTO:ACM96666,0.466,45,47,23,0.957,0.865,uspto,0.445962,26.039786000000003
briannaughton.2_plus_2,x.rustamov-m_18_41,1.0,100,228,0,0.439,1.0,first_round,0.439,127.908
biolucasmachado.engineered_binder_7,USPTO:AAA54921,0.581,43,58,18,0.741,0.956,uspto,0.430521,33.029782000000004
biolucasmachado.engineered_binder_6,USPTO:AAR75690,0.462,54,58,28,0.931,0.333,uspto,0.430122,33.05292399999999
s1995825.timed_egf_netsolp_usability_consensus_2,Q95ND4,0.476,42,47,21,0.894,0.035,swissprot,0.425544,26.999432
s1995825.cotimed_egf_netsolp_usability_8,USPTO:AFQ83059,0.476,42,47,21,0.894,0.792,uspto,0.425544,26.999432
aswini.seed2_1,A0A6G9KJM3,0.511,44,50,20,0.82,0.506,swissprot,0.41902,29.049000000000003
klima.jason.8HGO_design_vdcjs_1_2,USPTO:AOK84029,0.415,106,106,27,1.0,0.039,uspto,0.415,62.01
"colby.TUPEGFR_012___anti-EGFR,_Fv-like_protein,_diffused_with_EvoDiff",Cetuximab_scFv,0.415,250,250,140,1.0,1.0,first_round,0.415,146.25
biolucasmachado.engineered_binder_2,USPTO:AAA54921,0.558,43,58,19,0.741,0.956,uspto,0.413478,34.018276
julie.jg26n,nside_mot_529aa26556ab0217081d0c2dd4de06a7_0001_1_000000024_0001_35_42_H_._bcov_4helix_09379_0001_0001,0.456,46,50,23,0.88,0.708,baker,0.40128,29.936
klima.jason.8HGO_design_94eja_1_5,USPTO:AAQ71438,0.396,111,111,28,1.0,0.887,uspto,0.396,67.044
nitesh.mishra3.stepwise_rfdiff_egfr_binder_1,USPTO:ABZ17584,0.416,60,64,34,0.938,0.16,uspto,0.3902079999999999,39.02668800000001
aswinijavadi160197.8_A,x.rustamov-m_18_41,0.391,97,100,58,0.97,0.97,first_round,0.37927,62.073
x.rustamov.traj_9_8_model_1_0,USPTO:APO06211,0.415,106,119,61,0.891,0.891,uspto,0.369765,74.997965
x.rustamov.traj_4_8_model_1_5,cchallacombe-dock_if3,0.364,118,119,74,0.992,0.975,first_round,0.3610879999999999,76.030528
x.rustamov.traj_6_1_model_1_8,cchallacombe-dock_if3,0.396,106,119,63,0.891,0.876,first_round,0.352836,77.01251599999999
allongoldberg.4_44,allongoldberg-17449â€™_33p/n(H),0.363,131,138,71,0.949,0.819,first_round,0.344487,90.460794
qxy615.s1_rfd_base_46_94,alan.blakely-design:5,0.448,49,64,20,0.766,0.199,first_round,0.343168,42.037248
klima.jason.8HGO_design_8gswy_1_2,USPTO:QPT87797,0.343,128,128,30,1.0,0.039,uspto,0.343,84.096
x.rustamov.traj_11_8_model_5_0,6bfq_A,0.344,116,119,73,0.975,0.498,pdb,0.3354,79.0874
klima.jason.8HGO_design_4yyaf_0_0,USPTO:ARH80552,0.328,134,134,31,1.0,0.044,uspto,0.328,90.04799999999999
qxy615.s1_rfd_base_46_60,alan.blakely-design:5,0.428,49,64,21,0.766,0.199,first_round,0.327848,43.017728000000005
ccalia.Paesani_Lab_design9,USPTO:UOL85950,0.446,183,242,95,0.711,0.327,uspto,0.317106,165.260348
ccalia.Paesani_Lab_design3,USPTO:QPU09033,0.51,143,238,55,0.601,0.188,uspto,0.30651,165.05061999999998
ccalia.Paesani_Lab_design8,USPTO:UOL85913,0.686,97,240,30,0.404,0.276,uspto,0.277144,173.48543999999998
ccalia.Paesani_Lab_design1,USPTO:QPU09017,0.614,108,244,39,0.443,0.25,uspto,0.272002,177.631512
ccalia.Paesani_Lab_design2,2khu_A,0.776,85,240,18,0.346,0.787,pdb,0.268496,175.56096
christoph.gruber.Binder12_1,martin.pacesa-EGFR_l138_s90285_mpnn2,0.409,88,87,33,0.655,0.638,first_round,0.267895,63.693135
qxy615.s1_rfd_comp_beta_782_81,alan.blakely-design:5,0.339,53,75,23,0.707,0.194,first_round,0.239673,57.024525
qilin_y.test6,alan.blakely-design:5,0.392,56,93,21,0.602,0.188,first_round,0.235984,71.053488
qilin_y.test4,gitter-yolo1,0.36,46,75,18,0.613,0.547,first_round,0.22068,58.449
akash.arunabharathi.design4,USPTO:AZK09367,0.555,60,151,25,0.397,0.063,uspto,0.220335,117.729415
akash.arunabharathi.design8,USPTO:AZK09367,0.53,63,155,27,0.406,0.063,uspto,0.21518,121.6471
mlange05.C,martin.pacesa-EGFR_l138_s90285_mpnn2,0.396,103,195,42,0.528,0.514,first_round,0.209088,154.22784
tarkhov.andrey.Erithacus_rubecula_gigantus_8,Q925F2,0.294,162,239,91,0.678,0.33,swissprot,0.199332,191.359652
tarkhov.andrey.Erithacus_rubecula_gigantus_9,USPTO:AVD11581,0.231,215,241,158,0.855,0.478,uspto,0.197505,193.401295
tarkhov.andrey.Erithacus_rubecula_gigantus_1,P13688,0.257,155,241,96,0.643,0.247,swissprot,0.165251,201.174509
fernando.meireles.design_hybrid_partial_diff_4_31_binder,Motif0060_HHH_eva_0729_0001_0001_0001,0.586,29,107,12,0.271,0.547,baker,0.158806,90.007758
akash.arunabharathi.design9,USPTO:AZK09367,0.539,60,217,26,0.276,0.063,uspto,0.148764,184.718212
cameron.kroll.Gertrude_gen3,nside_mot_13d347bf58d8e49291c31bc16c4ec13b_0001_1_000000029_0001_34_39_H_._ems_3hM_3263_0001_0003_0001,0.488,43,147,22,0.293,0.672,baker,0.142984,125.981352
cameron.kroll.Leitner,nside_mot_13d347bf58d8e49291c31bc16c4ec13b_0001_1_000000029_0001_34_39_H_._ems_3hM_3263_0001_0003_0001,0.488,43,147,22,0.293,0.672,baker,0.142984,125.981352
klima.jason.8HGO_design_jt8s1_0_3_proteinmpnn_20,USPTO:AHE16438,0.705,34,172,10,0.198,0.036,uspto,0.13959,147.99052
mlange05.A,martin.pacesa-EGFR_l138_s90285_mpnn2,0.913,23,194,2,0.119,0.167,first_round,0.108647,172.922482
tarkhov.andrey.Erithacus_rubecula_gigantus_4,Q9QY61,0.96,25,247,1,0.101,0.049,swissprot,0.09696,223.05088
